id,name,nvar,ncon,nequ,status,objective,elapsed_time,iter,dual_feas,primal_feas,neval_obj,neval_grad,neval_cons,neval_jcon,neval_jgrad,neval_jac,neval_jprod,neval_jtprod,neval_hess,neval_hprod,neval_jhess,neval_jhprod,neval_residual,neval_jac_residual,neval_jprod_residual,neval_jtprod_residual,neval_hess_residual,neval_jhess_residual,neval_hprod_residual,extrainfo,residuals,internal_msg
1,MSS1,90,73,0,first_order,-16.000555385357103,0.18100000000000002,172,6.282205688989961e-8,1.0e-5,194,190,194,0,0,199,0,0,181,0,0,0,0,0,0,0,0,0,0,,"[7.2714245289259285e-9, 1.3939974779575273e-6, 9.966136278711917e-7, 1.4401462385621497e-6, 1.5057554516359815e-6, -1.4510908912412981e-6, 9.970261275744007e-7, -3.5885684000946466e-6, -5.840494674172828e-6, -6.12371497326196e-9, -3.635765862742175e-7, 4.591939833910982e-6, 8.690151973368333e-6, 1.253515021335334e-6, -4.1307582996998245e-6, 3.0618273633868974e-6, -4.148945339400121e-6, 3.114825379617722e-6, -2.678460085746714e-9, -8.309157703250342e-7, 7.245296471118724e-7, -1.2840080575882322e-7, -1.0117633607409064e-6, 1.3361662276925329e-6, 8.52840556772406e-7, -1.0192654510992691e-6, 6.589686081192016e-7, -1.1445018655581796e-6, -3.4050269197006954e-7, 1.4170995617906641e-6, 1.8039734167240191e-6, 1.996378532153662e-7, 8.609731546355201e-9, -2.0314685515960167e-14, 1.2483712868655586e-6, -1.1614727239197577e-8, 1.8541001259521214e-8, -3.2200215268641e-8, 7.055714290055952e-7, -1.157124340239971e-6, 9.356875703983529e-8, 1.2827624830753247e-7, 1.8632498412758626e-6, 1.3736985622975554e-6, 4.447616439670906e-7, -4.574751635042617e-10, 1.2498943339523109e-6, -3.982524577899499e-7, 4.4493108954755903e-7, -5.039121001940272e-9, -1.252341417008042e-7, -3.350017095961743e-7, 7.058190869544051e-7, 3.6597853144748445e-7, -1.2514126937208865e-7, 2.848970734277045e-7, 2.930284131791126e-7, -2.728805292170769e-7, 1.6432232748999265e-8, 6.673327796212264e-8, 1.6409413453580142e-8, -2.3721067376271295e-6, -5.277400192966105e-6, 1.3943686667299098e-5, -8.579175387463623e-6, -2.3078737089127452e-6, -2.8239701375050503e-9, -3.591649412327442e-8, 5.990284165434649e-7, 1.7596778391852864e-6, -4.330388070597736e-6, 6.782486290584148e-8, -1.160125587783905e-6]",Solve_Succeeded
2,WAYSEA1NE,2,2,0,first_order,0.0,0.003,5,0.0001517163809558781,0.1,7,9,7,0,0,11,0,0,7,0,0,0,0,0,0,0,0,0,0,,"[-1.2781047209614593e-6, 3.801338164643314e-7]",Solve_Succeeded
3,BROWNDENE,4,20,0,max_iter,0.0,4.88,10504,6.096252001519315e9,10.0,13307,10562,13308,0,0,10583,0,0,10541,0,0,0,0,0,0,0,0,0,0,,"[-105.31990096310378, -62.43407720880622, -31.387609276839743, -11.474038240780363, -1.7843554816030298, -1.1616919238206305, -8.155506184024857, -20.980375101275925, -37.48782328659251, -55.1650355449149, -71.18296000718189, -82.53001385122084, -86.2889981000504, -80.14783625225104, -63.285363070692064, -37.850260126745, -11.367910371370392, -0.5858696604899709, -37.533950730540276, -178.97373297665536]",Solve_Failed
4,HS79,5,3,0,first_order,0.07878706561012318,0.002,3,6.517429921598314e-5,0.01,6,9,6,0,0,12,0,0,6,0,0,0,0,0,0,0,0,0,0,,"[3.0998882118663668e-6, -2.7942977203453123e-7, -0.00014538789911820033]",Solve_Succeeded
5,GULFNE,3,99,0,max_iter,0.0,0.03600000000000001,23,0.00018189894035458565,0.1,131,65,131,0,0,86,0,0,44,0,0,0,0,0,0,0,0,0,0,,"[-0.99, -0.98, -0.97, -0.96, -0.95, -0.94, -0.9299999999999999, -0.92, -0.91, -0.9, -0.89, -0.88, -0.87, -0.86, -0.85, -0.84, -0.83, -0.8200000000000001, -0.81, -0.8, -0.79, -0.78, -0.77, -0.76, -0.75, -0.74, -0.73, -0.72, -0.71, -0.7, -0.69, -0.6799999999999999, -0.6699999999999999, -0.6599999999999999, -0.65, -0.64, -0.63, -0.62, -0.61, -0.6, -0.5900000000000001, -0.5800000000000001, -0.5700000000000001, -0.56, -0.55, -0.54, -0.53, -0.52, -0.51, -0.5, -0.49, -0.48, -0.47, -0.45999999999999996, -0.44999999999999996, -0.43999999999999995, -0.43000000000000005, -0.42000000000000004, -0.41000000000000003, -0.4, -0.39, -0.38, -0.37, -0.36, -0.35, -0.33999999999999997, -0.32999999999999996, -0.31999999999999995, -0.31000000000000005, -0.30000000000000004, -0.29000000000000004, -0.28, -0.27, -0.26, -0.25, -0.24, -0.22999999999999998, -0.21999999999999997, -0.20999999999999996, -0.19999999999999996, -0.18999999999999995, -0.18000000000000005, -0.17000000000000004, -0.16000000000000003, -0.15000000000000002, -0.14, -0.13, -0.12, -0.10999999999999999, -0.09999999999999998, -0.08999999999999997, -0.07999999999999996, -0.06999999999999995, -0.06000000000000005, -0.050000000000000044, -0.040000000000000036, -0.030000000000000027, -0.020000000000000018, -0.010000000000000009]",Solve_Failed
6,JUDGENE,2,20,0,max_iter,0.0,22.552000000000003,51436,1.9273912377448142e8,1.0,51457,51478,51457,0,0,51499,0,0,51457,0,0,0,0,0,0,0,0,0,0,,"[2.0806632978195103, 1.188302307276326, 2.0641653996227665, -0.7615154370990622, -0.5511623807865954, -0.3365806720653985, -0.2980594630535196, 0.8861128100124934, 0.41934255304803497, -0.6219807586977039, -0.1324259412148221, -0.9875314579591694, -0.12853197518823503, 0.016006756972941884, 0.21416085746271799, -0.29890558116240695, -0.5315727392187449, -1.187583837618026, -0.1491322800367201, -0.8866268985001556]",Solve_Failed
7,STRTCHDVNE,10,9,0,first_order,0.0,0.002,4,0.0001301130004275476,0.001,8,12,8,0,0,16,0,0,8,0,0,0,0,0,0,0,0,0,0,,"[-8.876088737829924e-6, -9.087548832717845e-7, -8.217925247503738e-6, -1.3360465551217728e-6, -8.007450500857259e-6, -1.3360465551217623e-6, -8.217925247503735e-6, -9.087548832718381e-7, -8.876088737828805e-6]",Solve_Succeeded
8,TRIGON1NE,10,10,0,first_order,0.0,0.004,4,7.35401644052493e-5,0.001,8,12,8,0,0,16,0,0,8,0,0,0,0,0,0,0,0,0,0,,"[2.9287879216077783e-5, 6.299482896935521e-6, 2.548666842541042e-6, 1.3559424569750678e-6, 8.373139670191099e-7, 5.674458026967699e-7, 4.0970956717047147e-7, 3.0970192088815296e-7, 2.423701402475692e-7, 1.948964673658543e-7]",Solve_Succeeded
9,PENLT1NE,10,11,0,first_order,0.0,0.003,5,8.08716689013678e-5,0.1,7,9,7,0,0,11,0,0,7,0,0,0,0,0,0,0,0,0,0,,"[9.4025404744118e-6, 9.06024657065089e-6, 8.717952666889979e-6, 8.375658763129069e-6, 8.033364859368158e-6, 7.691070955607248e-6, 7.348777051846336e-6, 7.006483148085426e-6, 6.664189244324516e-6, 6.321895340563605e-6, 4.1651544435321e-6]",Solve_Succeeded
10,BA-L1SP,57,12,0,first_order,0.0,0.007,4,9.999002763478449e-5,0.1,6,8,6,0,0,10,0,0,6,0,0,0,0,0,0,0,0,0,0,,"[-9.999665083297582e-7, -9.999628973380442e-7, -9.999165453446202e-7, -9.999500246282017e-7, -9.999175418443779e-7, -9.999639264939714e-7, -9.997085512140208e-7, -9.985819154744585e-7, -9.997815112027658e-7, -9.986001155166263e-7, -9.998348139278468e-7, -9.99187521454753e-7]",Solve_Succeeded
11,EXPFITNE,2,10,0,max_iter,0.0,18.189999999999998,45368,3.2220260266672086e7,0.1,46197,45410,46208,0,0,45431,0,0,45389,0,0,0,0,0,0,0,0,0,0,,"[-0.31895032415545765, -0.17577594729812648, -0.05265905749251465, 0.04663436875691548, 0.1176312584387658, 0.15501867820319068, 0.15248614290765508, 0.1025383161509749, -0.0037274563791513866, -0.17688538370579385]",Solve_Failed
12,SSINE,3,2,0,first_order,0.0,0.021000000000000005,34,0.0002374888873256653,0.0001,74,44,77,0,0,49,0,0,39,0,0,0,0,0,0,0,0,0,0,,"[-9.296725944376217e-7, -2.2095944576688864e-6]",Solve_Succeeded
13,HS7,2,1,0,first_order,-1.7320725563484687,0.011000000000000003,19,3.538623087606663e-5,0.001,23,27,33,0,0,31,0,0,23,0,0,0,0,0,0,0,0,0,0,,[-2.9422905353740196e-5],Solve_Succeeded
14,BOX3NE,3,10,0,first_order,0.0,0.003,4,3.933489684498914e-5,0.0001,9,14,9,0,0,19,0,0,9,0,0,0,0,0,0,0,0,0,0,,"[-0.00010095367807940652, 6.508202898397044e-6, 7.01153147742936e-5, 7.801632724903541e-5, 5.508481104973752e-5, 2.0672048694200373e-5, -1.485911040303116e-5, -4.695966676623707e-5, -7.408165899737385e-5, -9.605384515283916e-5]",Solve_Succeeded
15,HS48,5,2,0,first_order,0.0,0.003,3,4.857225732735102e-17,0.001,7,11,7,0,0,15,0,0,7,0,0,0,0,0,0,0,0,0,0,,"[0.0, 1.734723475976807e-18]",Solve_Succeeded
16,BT9,4,2,0,first_order,-1.0005915098761757,0.005,9,0.0005114205620053713,0.0001,14,19,14,0,0,24,0,0,14,0,0,0,0,0,0,0,0,0,0,,"[0.0002595008613166137, 0.0002595008613166137]",Solve_Succeeded
17,S308NE,2,3,0,max_iter,0.0,17.124,46637,6.555971919997319e7,0.1,46693,46679,46697,0,0,46701,0,0,46657,0,0,0,0,0,0,0,0,0,0,,"[-0.3986843585831922, -0.15484579283505875, -0.7682920189056773]",Solve_Failed
18,MGH17S,5,33,0,max_iter,0.0,2.1069999999999993,1475,2.8169886867488456e9,0.01,3203,1531,3258,0,0,1552,0,0,1510,0,0,0,0,0,0,0,0,0,0,,"[0.0005773777994246253, -0.008462124819868471, 0.023656791545014565, 0.04589438819660605, 0.05439356518406786, 0.05705003598418411, 0.049726120296246165, 0.03840465236066146, 0.026083492042604184, 0.01176237243063702, -0.0015587397176249, -0.014879848510216348, -0.02820095449338709, -0.03552205773766749, -0.045843158242016006, -0.05116425597670126, -0.054485351055236726, -0.0568064432923048, -0.057127532844136776, -0.05344861967394567, -0.04976970373889067, -0.04609078509717943, -0.038411863675237475, -0.02973293952824567, -0.02005401262710018, -0.009375083030008667, 0.0003038493426569507, 0.012982784448055833, 0.025661722260110945, 0.04134066286310698, 0.05501960613597202, 0.07169855219977797, 0.08637750093345292]",Solve_Failed
19,DENSCHNDNE,3,3,0,first_order,0.0,0.003,8,1.0052281523246326e-6,0.1,10,12,10,0,0,14,0,0,10,0,0,0,0,0,0,0,0,0,0,,"[2.075024639718807e-9, -1.8713101659122946e-9, -6.0286568844367246e-9]",Solve_Succeeded
20,CERI651B,7,66,0,max_iter,0.0,28.864,32946,3.289419282558811e8,1.0,34594,32998,34599,0,0,33019,0,0,32977,0,0,0,0,0,0,0,0,0,0,,"[0.6575617260272896, -0.05974276452810285, -1.051457508491797, 0.6322288341836604, 1.4161031223056437, -1.1257268131919254, 1.3680067841115886, -0.3050095523167774, 0.36133911657696915, 0.17382521093212627, 0.8952166969586951, -0.5683125850034556, -2.716227279135542, -0.05332401800346015, 0.6622877491312327, -1.3679556402696413, 0.6276917298778192, -0.8975722460903646, 1.350234577383971, 0.4396991941879038, 0.3705518189120192, 2.3983273870539805, 0.46376850515327805, 0.42812623053108156, 0.40826694629557575, 1.6384535746224302, 0.5424911531187857, -2.254409871660144, -0.42899971460332276, -1.5323969017628873, 0.5716781840048708, 0.3185273201463511, -0.5725742689799127, -1.1527206920368935, -1.1702128562579834, 0.16301016154748774, 1.0128466675676266, 1.4776680883860347, 0.5143535222190578, 2.7381886788268885, 1.6714742687498898, 2.12517123264831, 2.2701430530111786, 1.9359100596208068, 2.601473622602364, 1.5284891745057694, 1.550833270183591, 1.2557619573443928, 0.3960394806813599, 0.8901205342504737, 0.8883240113794071, -1.407970413304579, -0.4340027203270583, -0.44098074972407764, 1.246512332589292, -0.4556006647516654, -0.4630235372941431, 0.360589382361108, 0.35532117931278745, -1.4657865168512256, 1.224212662492496, -0.5002794443854415, -0.5077344758549396, -0.5151896968757269, 0.8303384136040965, -1.510516614353581]",Solve_Failed
21,THURBER,7,37,0,max_iter,0.0,6.053,10862,6.079548507902655e9,10.0,13585,10920,13585,0,0,10941,0,0,10899,0,0,0,0,0,0,0,0,0,0,,"[-34.39245766136994, -18.818929965854416, -8.413021542099301, -7.446042975670599, 1.9703253752251038, 6.308679280138781, 12.874440253564735, 13.255249328560977, 17.93888823811574, 19.73951489761848, 15.295357551854247, 10.582122799092486, -24.87527436724775, -62.785028877263294, 6.431445210184061, -14.345502311766023, 14.953854498962999, 3.2756491563052372, 47.71317059879284, 14.32318328618002, 28.32273494725164, 7.827801510219749, -22.77810634303945, -7.377714731752174, -0.4862708041090841, 10.507599957706658, -9.389034579346465, 0.9741767480815179, -25.166429926479484, -13.068713708529854, -13.424248950912885, -19.350875085182462, -2.10701120302274, 13.032390221466681, 19.823854835895446, 2.780439743735077, 16.075095687538298]",Solve_Failed
22,CERI651E,7,64,0,max_iter,0.0,12.145999999999999,13933,2.0029659761013362e8,1.0,15666,13988,15668,0,0,14009,0,0,13967,0,0,0,0,0,0,0,0,0,0,,"[-0.09318552712282405, 1.3156437090756137, 0.8731378431341758, -0.1143259606224596, -0.12137536173497993, -0.12842991108597604, -0.13549917755178068, -0.14260481914632742, -0.1497986716381032, -0.1571921277304648, -0.16501554649519884, -0.17371160244135425, -0.18408198051439648, -0.19747724227361052, -0.21601602330120098, -0.24275621592530355, -0.2817267708567912, -0.33765408925990015, 0.5651271655518151, -0.5182437843845593, -0.6475240920328469, 0.1804060135468607, 0.012911656230309805, 0.5827254166146257, 0.4737669652462794, 1.5608184635152575, -0.5046244979625214, 0.32536171775920936, -1.457734004952857, 0.42256291272710894, -0.25057588041070866, 1.9612642522161226, 0.0574831334543557, 0.8356002211182207, -0.6566738712265484, 0.420278834148023, -0.48954927531490905, -0.44189344895724725, 0.5678068697793411, -0.396874598229611, 1.1104549405072035, 0.5905387462147641, -0.39289333773516477, 0.5824759984721622, 0.576323038362849, 0.5696333716483044, -0.4177241614772583, -0.42477623873521847, 0.5485418092143441, -0.4389916743809346, -0.4461154552040599, 0.5271749058630261, -0.46036871201092583, -0.46749601060404533, -0.47462338789343567, 0.498665792289384, 0.49153838635471414, 0.4844109788438418, -0.5031330090524451, 0.47015616296181173, -0.5173878250436329, 1.0156302235684032, -0.5316426410635934, -0.5387700490741306]",Solve_Failed
23,BARDNE,3,15,0,max_iter,0.0,6.690999999999999,15475,5.516561294238542e6,0.01,17282,15526,17282,0,0,15547,0,0,15505,0,0,0,0,0,0,0,0,0,0,,"[0.005882306859014631, 0.0002697965387135775, -0.00026910527520032407, -0.006536325988260308, 0.0008267505826751945, 0.0013010236597380026, 0.004461859000253904, 0.019958535091761584, -0.08222030675970447, 0.018207904105007534, 0.01480739931560439, 0.014706642131499598, 0.01120538015799172, 0.004202856210976184, -0.006804715630071524]",Solve_Failed
24,GOTTFR,2,2,0,first_order,0.0,0.004,6,1.1708573702745175e-6,0.0001,13,16,13,0,0,21,0,0,11,0,0,0,0,0,0,0,0,0,0,,"[-1.0330977628106742e-5, -1.8609200258822055e-7]",Solve_Succeeded
25,STREGNE,4,2,0,first_order,0.0,0.003,4,6.245004513498638e-17,0.001,8,12,8,0,0,16,0,0,8,0,0,0,0,0,0,0,0,0,0,,"[0.0, -1.734723475976807e-18]",Solve_Succeeded
26,PENLT2NE,4,8,0,first_order,0.0,0.001,3,2.522407116545792e-5,0.001,7,11,7,0,0,15,0,0,7,0,0,0,0,0,0,0,0,0,0,,"[-7.087488830481324e-6, 2.682716884601022e-6, 4.950171791043122e-6, 7.653501318520196e-6, -1.332625136315777e-6, -1.3330704126411015e-6, -1.3335150088387077e-6, 6.888514334978449e-6]",Solve_Succeeded
27,HS42,4,2,0,first_order,13.857779388617796,0.003,3,4.428351878971171e-6,0.001,7,11,7,0,0,15,0,0,7,0,0,0,0,0,0,0,0,0,0,,"[3.7692893381901366e-6, -2.989301857580899e-5]",Solve_Succeeded
28,HS27,3,1,0,first_order,0.04000000896924135,0.022,39,1.0401615491768823e-5,0.0001,108,49,113,0,0,54,0,0,44,0,0,0,0,0,0,0,0,0,0,,[2.2713745887716768e-7],Solve_Succeeded
29,DENSCHNBNE,2,3,0,first_order,0.0,0.003,6,6.319554967049168e-5,0.01,11,12,11,0,0,15,0,0,9,0,0,0,0,0,0,0,0,0,0,,"[6.584677671995533e-5, -7.262656625545497e-5, -6.413135426425357e-5]",Solve_Succeeded
30,DIXCHLNG,10,5,0,first_order,427.3960594806123,1.125,2895,0.000679318978979572,1.0e-5,2906,2911,2906,0,0,2919,0,0,2903,0,0,0,0,0,0,0,0,0,0,,"[0.00013479442718165955, -0.00016611072080529685, 0.0001039636085042799, -2.935191065197869e-5, 2.798315195673664e-6]",Solve_Succeeded
31,VARDIMNE,10,12,0,first_order,0.0,0.019000000000000003,45,0.00025532682516929417,0.0001,61,57,61,0,0,63,0,0,51,0,0,0,0,0,0,0,0,0,0,,"[-3.849611555315186e-7, -7.699223110630084e-7, -1.1548834665944635e-6, -1.5398446221260168e-6, -1.9248057776573804e-6, -2.3097669331889948e-6, -2.6947280887205515e-6, -3.0796892442518846e-6, -3.464650399783719e-6, -3.84961155531493e-6, -0.00014821004487973856, 5.455014005906907e-6]",Solve_Succeeded
32,HIMMELBE,3,3,0,first_order,0.0,0.003,3,3.122502256758253e-17,0.001,7,11,7,0,0,15,0,0,7,0,0,0,0,0,0,0,0,0,0,,"[-4.336808689942018e-19, -8.673617379884035e-19, 0.0]",Solve_Succeeded
33,CERI651A,7,61,0,max_iter,0.0,28.697,34298,5.858654116789694e8,1.0,35751,34349,35767,0,0,34370,0,0,34328,0,0,0,0,0,0,0,0,0,0,,"[-0.5416025800101065, 0.9514626579456931, 1.2839545027737571, 0.10632528400522244, 1.939581032059759, 0.27824479827550846, 0.8076161357669479, 0.19090567459412475, -0.8115821049697576, -1.699038730635898, -6.094590993345184, -1.500016590751848, -3.6757982213682436, -4.72361608355352, -3.056155318420721, -2.177397010206705, 2.017463444391859, -2.374813867283164, 2.1624181867447634, -2.675153801769906, 0.10574130394971645, 3.474983458863085, -0.9222847369232369, -0.19623228990893263, 3.4442522204206356, 2.9832137472186377, -5.63775561906065, -0.5384106103791495, -2.3543828346637867, -0.9397905633333352, 1.313482511392423, -1.8877422591238415, 2.163584723873954, 2.038657840771101, 3.30696932403369, 1.6845464726950383, 3.4122881539008474, 2.5624273512580875, 2.931637938443734, 3.9425704520493414, 3.387301865527464, 3.712659488451779, 2.999047538948443, 2.5745595699378647, 1.558516506977592, 0.9811408693406265, -0.5346343832320416, 1.556056679380651, 2.012932271399256, -1.8481682932075592, -0.6459328445579194, 0.5003491110925481, 1.1898400113408725, 1.7070086617123919, 0.4296188347146825, 0.4059857700624535, 0.38234868815937556, -0.15189922733667585, -2.2714072383238544, -2.3188843907803673, -0.23413215184035216]",Solve_Failed
34,MISRA1C,2,14,0,max_iter,0.0,1.8099999999999994,3865,1.2979496284020796e7,0.01,9007,3919,9007,0,0,3940,0,0,3898,0,0,0,0,0,0,0,0,0,0,,"[0.033337671300053405, 0.03502044082360955, 0.03441000391651526, 0.06829866541547952, 0.029895092114116582, 0.03870554188919333, 0.04471709454495267, -0.0660804015916171, -0.03541138300417145, -0.08318582828220644, -0.037268770510850334, -0.08024116365274664, 0.07035319772548729, 0.05541795540513434]",Solve_Failed
35,HATFLDG,25,25,0,first_order,0.0,0.006,6,7.94518867666186e-7,0.001,19,14,20,0,0,18,0,0,10,0,0,0,0,0,0,0,0,0,0,,"[4.2664557098897216e-7, -5.232265811905019e-6, 8.152329261399422e-7, 8.739828413063908e-7, 7.652429521637923e-7, 3.2077677949188146e-7, 8.853552933803038e-7, 2.235277442809891e-9, 9.750767349648958e-7, -3.0992168495646503e-7, 1.098295493544288e-6, -6.518599775154734e-7, 1.424479391268495e-6, 1.0526387023369394e-6, 9.108620735799914e-7, 7.406704659259792e-7, 6.498386753368065e-7, 5.294518356507302e-7, 4.628970280883346e-7, 3.734716560040255e-7, 3.1998122278079685e-7, 2.534333658476485e-7, 2.0642764726790325e-7, 1.5669551922550904e-7, 9.97780756259697e-8]",Solve_Succeeded
36,BT11,5,3,0,first_order,0.8247277689932775,0.002,7,1.1425899912653747e-5,0.0001,12,17,12,0,0,22,0,0,12,0,0,0,0,0,0,0,0,0,0,,"[4.8946641075553335e-5, 6.076541431402553e-5, -3.304101622378917e-5]",Solve_Succeeded
37,MARATOS,2,1,0,first_order,-1.0000983901119205,0.003,3,9.692036524588943e-5,0.001,7,11,7,0,0,15,0,0,7,0,0,0,0,0,0,0,0,0,0,,[-5.117430886621168e-5],Solve_Succeeded
38,JENSMPNE,2,10,0,max_iter,0.0,9.187,21460,4.856463019554212e8,1.0,30645,21515,30646,0,0,21536,0,0,21494,0,0,0,0,0,0,0,0,0,0,,"[1.4117701735759793, 2.6505331828045424, 3.6654050405585927, 4.390536020253267, 4.74070900868416, 4.605643268792573, 3.842622854110838, 2.2669569299619727, -0.36036566714307955, -4.348652848299658]",Solve_Failed
39,MANCINONE,100,100,0,first_order,0.0,0.189,4,4.2542218401517966e-16,0.1,6,8,6,0,0,10,0,0,6,0,0,0,0,0,0,0,0,0,0,,"[3.4867941867133823e-16, 4.5102810375396984e-17, -3.122502256758253e-16, -7.060324547225605e-16, -1.1119577481011333e-15, -1.493596912816031e-15, -1.8006429680639258e-15, -1.9810542095655137e-15, -1.9827889330414905e-15, -1.7572748811645056e-15, -1.27675647831893e-15, -5.429684479807406e-16, 3.920475055707584e-16, 1.4589024432964948e-15, 2.5240226575462543e-15, 3.4399566528620085e-15, 4.040170975549984e-15, 4.191091917959966e-15, 3.800779135865184e-15, 2.8709673527416157e-15, 1.528291382335567e-15, 3.469446951953614e-18, -1.4155343563970746e-15, -2.536165721878092e-15, -3.436487205910055e-15, -4.6074255521944e-15, -6.886852199627924e-15, -1.0911410663894117e-14, -1.6150275561344074e-14, -1.9772378179183647e-14, -1.6528445279107018e-14, -1.8283985436795547e-15, 2.0931173461136154e-14, 3.580989671458923e-14, 2.845813862339952e-14, 7.181755190543981e-15, -9.927822453015267e-15, -1.3345227700689577e-14, -9.59995971605565e-15, -1.1232334506949826e-14, -1.3078080285389149e-14, -1.288205653260377e-14, -1.1220191442617988e-14, -9.292913660807756e-15, -7.69349861595714e-15, -6.7047062346503594e-15, -6.3438837516471835e-15, -6.494804694057166e-15, -7.004813395994347e-15, -7.691763892481163e-15, -8.36657132463614e-15, -8.859232791813554e-15, -8.965050923848139e-15, -8.463715839290842e-15, -7.004813395994347e-15, -4.111294638065033e-15, 7.060324547225605e-16, 7.719519468096792e-15, 1.655446613124667e-14, 2.5913299284141544e-14, 3.336567133693791e-14, 3.534152137607549e-14, 2.933764342571976e-14, 1.561945017769517e-14, -6.331740687315346e-16, -9.414344304126132e-15, -1.8188575645616822e-14, -1.6372320166269105e-14, -1.3985340663325019e-14, -1.1530706944817837e-14, -8.461981115814865e-15, -5.859895901849654e-15, -4.272623921330876e-15, -3.318526009543632e-15, -2.4702462297909733e-15, -1.4068607390171906e-15, -9.367506770274758e-17, 1.3079815008865125e-15, 2.5587171270657905e-15, 3.4555691641457997e-15, 3.892719480091955e-15, 3.8719027983802334e-15, 3.4503649937178693e-15, 2.7217811338076103e-15, 1.807581861967833e-15, 8.291978215169138e-16, -9.8879238130678e-17, -8.881784197001252e-16, -1.4814538484841933e-15, -1.8474805019152996e-15, -1.9984014443252818e-15, -1.9585028043778152e-15, -1.77115266897232e-15, -1.4797191250082165e-15, -1.132774429812855e-15, -7.632783294297951e-16, -4.0419056990259605e-16, -8.326672684688674e-17, 1.9081958235744878e-16, 4.111294638065033e-16]",Solve_Succeeded
40,LSC1,3,6,0,max_iter,0.0,6.156,16329,1.818881207258528e8,1.0,17107,16383,17107,0,0,16404,0,0,16362,0,0,0,0,0,0,0,0,0,0,,"[-1.0528836722709796, -1.168925905649992, -0.4500358284502951, -0.33188792060371275, 1.957539812888644, 1.0451108439677093]",Solve_Failed
41,CHWIRUT2,3,54,0,max_iter,0.0,33.48800000000001,56639,8.242285064000044e8,10.0,56663,56681,56663,0,0,56702,0,0,56660,0,0,0,0,0,0,0,0,0,0,,"[11.043416976207167, 8.208742153977765, 2.7784879633904227, 1.0314919771266644, 2.9098182427018076, 8.88061588432867, 0.2493949946125093, 1.216446825954667, 2.4258142072043465, 1.9863263212994602, -1.471512036609577, 0.06642159154436893, -0.08469803734860436, -3.326903339408015, 1.101825443198745, -0.0006050053874907021, -0.49881790323126507, -0.35658302379283824, -1.4594598541615007, -1.9136736787005384, 0.040540145838499395, -0.40103347854821625, 0.7243399875264563, -2.019459854161499, 0.7243399875264563, -1.3010334785482147, -0.6294598541615005, -6.056583023792841, -4.32292968819805, 0.8665373685202078, -2.313673678700537, -2.652929688198048, 1.9530167153014177, 0.186326321299463, -0.95060500538749, -2.796008022873336, -1.3651817572981928, -2.769459854161499, -7.113673678700534, 5.145921704127103, 1.9965373685202086, -0.5136736787005398, -0.854078295872897, -0.8134626314797919, -2.6136736787005344, -2.2540782958728953, -0.9334626314797929, -0.8565830237928382, 0.15433998752645608, 0.040540145838499395, -0.15658302379283537, 0.773921591544372, -0.5565830237928411, 0.6284879633904207]",Solve_Failed
42,BT6,5,2,0,first_order,0.277044676968056,0.004,12,1.28211775766926e-5,0.0001,21,22,21,0,0,27,0,0,17,0,0,0,0,0,0,0,0,0,0,,"[1.2260861395292167e-6, -6.993311050994178e-8]",Solve_Succeeded
43,ORTHREGB,27,6,0,first_order,1.0003731850860544e-20,0.001,3,9.999947612958099e-7,0.001,7,11,7,0,0,15,0,0,7,0,0,0,0,0,0,0,0,0,0,,"[2.9995912826513704e-8, 3.0002380737789713e-8, 3.0006576621013914e-8, 3.0002380737789713e-8, 2.9977238110226456e-8, 3.0047414860054356e-8]",Solve_Succeeded
44,HS6,2,1,0,first_order,0.0,0.004,6,0.0,0.01,10,12,10,0,0,15,0,0,9,0,0,0,0,0,0,0,0,0,0,,[0.0],Solve_Succeeded
45,HS28,3,1,0,first_order,0.0,0.002,2,1.1102230246251565e-16,0.01,5,8,5,0,0,11,0,0,5,0,0,0,0,0,0,0,0,0,0,,[0.0],Solve_Succeeded
46,WATSONNE,12,31,0,first_order,0.0,0.004,3,9.264471617838788e-6,0.001,7,11,7,0,0,15,0,0,7,0,0,0,0,0,0,0,0,0,0,,"[1.2271282305940674e-5, 8.948024866234453e-5, 7.729687553502301e-5, 4.0412897511615583e-5, 1.7694862868877407e-6, -2.6984602344639374e-5, -4.210823531945229e-5, -4.473263163515445e-5, -3.837048052472433e-5, -2.7076073621348434e-5, -1.4279638556342084e-5, -2.244048462757898e-6, 7.959960558069598e-6, 1.6118298950582263e-5, 2.2354069827103175e-5, 2.661839620682906e-5, 2.8353518024288698e-5, 2.647143574557984e-5, 1.971635325858011e-5, 7.380781416606119e-6, -9.74129573452597e-6, -2.8453051154445555e-5, -4.2742080609446606e-5, -4.449164619344468e-5, -2.6120371952025075e-5, 1.3781175914678843e-5, 6.05407814041707e-5, 6.781271522679429e-5, -6.544128829397005e-5, 3.9282551650794585e-5, -0.0001288423498111951]",Solve_Succeeded
47,DEVGLA1NE,4,24,0,first_order,0.0,0.035,30,1.7513201555630076e-7,0.01,57,36,78,0,0,39,0,0,33,0,0,0,0,0,0,0,0,0,0,,"[3.520532971612936e-8, -1.0558765113351069e-7, -1.6505630052608602e-7, -2.4147319714677663e-7, -2.858473086132645e-7, -2.937596637696662e-7, -2.0909904989571074e-7, -1.7265932503250214e-7, -1.0542669308887496e-7, -2.9155450736724313e-8, -3.4547091192003825e-8, 2.027217400381049e-8, 6.869459552225326e-8, 2.983636595286273e-8, 9.299687542949271e-8, 2.0639729818425125e-8, -2.9886112822883975e-8, -2.4051873141929395e-8, -5.716835890269556e-8, -1.6276864290887304e-7, 2.7670065821049604e-7, -2.7719136814086803e-7, 1.1523826145941199e-7, 2.741734710217991e-7]",Solve_Succeeded
48,CUBENE,2,2,0,first_order,0.0,0.003,3,1.9428902931470354e-16,0.01,7,9,7,0,0,12,0,0,6,0,0,0,0,0,0,0,0,0,0,,"[6.938893903907228e-18, 2.682701602366152e-30]",Solve_Succeeded
49,HS40,4,3,0,first_order,-0.24986737970378886,0.002,2,0.0004587459075228173,0.01,5,8,5,0,0,11,0,0,5,0,0,0,0,0,0,0,0,0,0,,"[2.6493063071003978e-5, -0.00016802721314187075, 0.00029759898827037834]",Solve_Succeeded
50,ELATVIDUNE,2,3,0,max_iter,0.0,19.282,51979,4.9127786104800177e8,1.0,52023,52021,52023,0,0,52042,0,0,52000,0,0,0,0,0,0,0,0,0,0,,"[3.953806132181016, 3.975880886032672, -4.828137048581023]",Solve_Failed
51,HATFLDF,3,3,0,max_iter,0.0,10.113,27145,6.299530764972579e9,0.001,27789,27190,27809,0,0,27211,0,0,27169,0,0,0,0,0,0,0,0,0,0,,"[0.0031457632772963155, -0.006299530764030244, 0.003153456029802289]",Solve_Failed
52,MOREBVNE,10,10,0,first_order,0.0,0.003,2,0.000189774735800148,0.001,6,10,6,0,0,14,0,0,6,0,0,0,0,0,0,0,0,0,0,,"[0.00016369165597694517, 0.00031625814649282984, 0.00043713213000938153, 0.0005108475502665286, 0.0005283886882508654, 0.00048424941708554055, 0.0003752783996851909, 0.00020387982853699999, -1.5023352779938368e-5, 0.00025057426828888583]",Solve_Succeeded
53,KOWOSBNE,4,11,0,max_iter,0.0,3.5859999999999994,8427,818066.1775526232,0.01,10020,8479,10020,0,0,8500,0,0,8458,0,0,0,0,0,0,0,0,0,0,,"[-0.01446797124014607, 0.0017337455310398758, 0.0076631159272882235, 0.030515229792042447, -0.0057565596236087155, -0.006795399887883718, -0.011519579583033587, 0.00023641875209429023, -0.00690960503856363, -0.011383233444539282, -0.006621054670747203]",Solve_Failed
54,COOLHANS,9,9,0,first_order,0.0,0.024,47,1.9508433372606214e-5,0.0001,117,57,117,0,0,62,0,0,52,0,0,0,0,0,0,0,0,0,0,,"[6.735767152922657e-10, -2.137264049563884e-11, -2.0786262676124677e-11, 7.385329308454144e-8, -4.969482968239822e-10, -5.728433472366345e-10, -8.20120907149381e-8, 5.352884690987902e-10, 6.208250854064122e-10]",Solve_Succeeded
55,HS8,2,2,0,first_order,-1.0,0.003,4,8.469263581079657e-5,0.01,7,10,7,0,0,13,0,0,7,0,0,0,0,0,0,0,0,0,0,,"[-3.742527870238306e-5, 9.681932625637104e-5]",Solve_Succeeded
56,BT8,5,2,0,first_order,1.0001080907692246,0.004,6,7.451313039912033e-5,0.0001,11,16,11,0,0,21,0,0,11,0,0,0,0,0,0,0,0,0,0,,"[-0.00015035326300603732, 7.529204369101035e-5]",Solve_Succeeded
57,BT1,2,1,0,first_order,-1.0014614624839169,0.016,33,0.00010469933047508815,1.0e-5,50,45,50,0,0,51,0,0,39,0,0,0,0,0,0,0,0,0,0,,[1.4688065715808726e-5],Solve_Succeeded
58,LSC2,3,6,0,max_iter,0.0,0.4620000000000002,817,4.886453864151848e13,1.0,2629,875,2778,0,0,900,0,0,856,0,0,0,0,0,0,0,0,0,0,,"[0.7110997882445915, -2.0855561139473306, -1.6549375759049383, -0.27240640096550656, 1.3628741957248243, 1.951461005217738]",Solve_Failed
59,MISRA1A,2,14,0,max_iter,0.0,0.671,1174,201368.104364974,0.1,6437,1227,6440,0,0,1249,0,0,1206,0,0,0,0,0,0,0,0,0,0,,"[0.0837336269592587, 0.09324728745619432, 0.09327747942825285, 0.11981591945607377, 0.06631263520276398, 0.055613529419020695, 0.04294938100284268, -0.08642361655330352, -0.07467418167098497, -0.13191565609670808, -0.0897918073945613, -0.12381115727475808, 0.07620822203247711, 0.12964223876718928]",Solve_Failed
60,DEVGLA2NE,5,16,0,first_order,0.0,0.013000000000000001,18,3.4783995968226547e-6,0.001,27,26,30,0,0,30,0,0,22,0,0,0,0,0,0,0,0,0,0,,"[0.0, -1.2805950910062345e-5, 1.3317641949080151e-6, 1.1040735801679056e-5, 6.644420349128646e-6, -1.7067207569125683e-6, -6.611395118179177e-6, -7.103224015110338e-6, -4.819117873009946e-6, -1.6269871902658813e-6, 1.6352179870945146e-6, 4.512910113132454e-6, 6.652751612537403e-6, 6.567025605086702e-6, 1.7830140203551145e-6, -1.152931338709029e-5]",Solve_Succeeded
61,CERI651C,7,56,0,exception,Inf,Inf,0,Inf,Inf,0,0,0,0,0,0,0,0,0,0,0,0,0,0,0,0,0,0,0,"TypeError(Symbol(""keyword argument""), :dual_feas, Float64, :inf)",,
62,EGGCRATENE,2,4,0,max_iter,0.0,19.384,51722,3.7603937339006865e8,1.0,51743,51764,51743,0,0,51785,0,0,51743,0,0,0,0,0,0,0,0,0,0,,"[-7.52078749851355e-5, -3.0195505530055957, -0.0003760393745711836, -0.6086968568237623]",Solve_Failed
63,RECIPE,3,3,0,first_order,0.0,0.005,8,7.93576954766884e-5,0.0001,13,18,13,0,0,23,0,0,13,0,0,0,0,0,0,0,0,0,0,,"[-8.422107194490667e-12, 6.076578465314948e-5, 5.041651314379988e-8]",Solve_Succeeded
64,HATFLDFLNE,3,3,0,max_iter,0.0,11.312999999999999,30086,6.004838420712377e9,0.001,30309,30129,30311,0,0,30150,0,0,30108,0,0,0,0,0,0,0,0,0,0,,"[0.0030039315333184953, -0.006004838418759807, 0.003000907191891945]",Solve_Failed
65,DENSCHNENE,3,3,0,first_order,0.0,0.025,61,8.187894806610529e-16,0.001,68,71,68,0,0,76,0,0,66,0,0,0,0,0,0,0,0,0,0,,"[-1.2334456585643579e-8, 5.039632071840821e-9, 6.311923555109462e-5]",Solve_Succeeded
66,PRICE4NE,2,2,0,first_order,0.0,0.003,6,0.00039708786485092185,0.01,9,12,9,0,0,15,0,0,9,0,0,0,0,0,0,0,0,0,0,,"[1.3438969674719728e-5, -6.146966993707834e-8]",Solve_Succeeded
67,CHNRSBNE,50,98,0,first_order,0.0,0.03900000000000001,33,9.657167232557384e-8,0.001,55,41,56,0,0,45,0,0,37,0,0,0,0,0,0,0,0,0,0,,"[-3.804230907422458e-12, -1.3885228524997243e-9, -7.028084067414011e-12, -7.0181452324681e-10, -2.024722670646797e-12, -3.7024308002266085e-10, -2.050884590928293e-12, -1.9557123840375206e-10, -1.5511678694245895e-12, -1.2370093169660875e-10, -1.467958559418235e-12, -7.380190620488782e-11, -2.070506591266214e-12, -1.1629892178703732e-10, -1.5789341842438068e-12, -2.893137246709654e-10, -1.4664527572333827e-12, -5.451391208663446e-10, -1.0940312489784177e-12, -7.262475916417921e-10, -1.5561974098751676e-12, -1.1896237518529485e-9, -1.6761065792927829e-12, -3.3855574423448074e-9, -2.3599018241772165e-12, -7.514751116868069e-9, -2.90842296700911e-12, -1.693382891732069e-8, -3.585895607891516e-12, -3.579301423556326e-8, -6.563411592451324e-12, -5.867063300888162e-8, -1.241431614791023e-11, -6.557130321481361e-7, -2.4846847681599066e-11, -8.42041412212028e-7, -5.1265856686684354e-11, -4.01715491713706e-7, -1.0815986158159287e-10, -1.969493053738958e-7, -2.3072876828385396e-10, -8.643946464248607e-8, -4.681078390481321e-10, -4.1001923671718724e-8, -1.003097530485545e-9, -1.9603701046941264e-8, -2.0902243316275927e-9, -9.456827203733299e-9, -4.618088063129151e-9, -1.7696332363537483e-9, -1.7511111771352618e-9, -4.4304551927641815e-9, -5.38007557290183e-10, -1.0098853468529882e-8, -3.344509672625353e-10, -2.235559060389983e-8, -7.317620918200918e-11, -7.264377111767697e-8, -7.204728531075705e-11, -6.064366314530807e-8, -2.814088347754594e-11, -2.066550602256751e-7, -7.860857105824198e-12, 2.0284075779648694e-6, -2.1860101011097807e-13, 2.4891263324947543e-6, 4.275033779723121e-12, 4.5626100295644077e-7, 4.867016314745934e-12, 2.62206820497318e-7, 1.1154687270706726e-11, 1.2646785733966037e-7, 1.0143641400105975e-11, 5.821477740440006e-8, 7.144562991473957e-12, 2.7906549323161405e-8, 8.617655709715087e-12, 1.0579081154229858e-8, 5.560353721898998e-12, 5.444103613966838e-9, 1.0297627682655008e-11, 3.5242334556783383e-9, 1.014841157714284e-11, 1.8493127371963577e-9, 1.2810285837750335e-11, 7.622204724344274e-10, 6.923193188083283e-12, 2.1512482634032734e-10, 9.806188114568534e-12, 2.4878321117291447e-10, 1.2752911380070119e-11, 1.4627691398143424e-10, 1.1191849963863798e-11, 2.1650187804920695e-10, 2.887523637618367e-11, 1.4463779715859422e-10, 3.4820868996088566e-12, 9.207704458699541e-35]",Solve_Succeeded
68,BROWNBSNE,2,3,0,max_iter,0.0,23.738999999999997,63000,5.921894681373395e15,10.0,63040,60044,63044,0,0,63064,0,0,63020,0,0,0,0,0,0,0,0,0,0,,"[5921.894681373394, -1.2093562526240141e-8, -0.0001781563598903517]",Solve_Failed
69,BYRDSPHR,3,2,0,first_order,-4.683309885826702,0.005,7,3.187069127519315e-5,0.01,15,13,15,0,0,16,0,0,10,0,0,0,0,0,0,0,0,0,0,,"[3.400332825134918e-5, -1.955492227533051e-5]",Solve_Succeeded
70,RAT43,4,15,0,max_iter,0.0,25.593,46223,9.213104600086807e9,10.0,60119,46271,60119,0,0,46292,0,0,46250,0,0,0,0,0,0,0,0,0,0,,"[-407.22454549276455, -389.47454549276455, -357.5045454927645, -326.10454549276454, -231.75454549276452, -97.10454549276453, -36.43454549276453, 97.22545450723545, 166.72545450723544, 228.61545450723543, 301.6254545072354, 276.2554545072354, 266.6554545072355, 214.2554545072354, 294.10545450723544]",Solve_Failed
71,LUKSAN21,100,100,0,first_order,0.0,0.011,8,2.762479958590758e-7,0.001,14,16,15,0,0,20,0,0,12,0,0,0,0,0,0,0,0,0,0,,"[-5.913580941976358e-10, -1.1843310957186725e-9, -1.7908814254082533e-9, -2.4390091315636777e-9, -3.1739885030192196e-9, -4.0584074626343375e-9, -5.173444443124967e-9, -6.622683425214332e-9, -8.538998348945904e-9, -1.1094796018007612e-8, -1.4516044810793539e-8, -1.9100846394992696e-8, -2.524371618394174e-8, -3.3467189531766294e-8, -4.446286943760395e-8, -5.9144595475574355e-8, -7.871705516440774e-8, -1.0476387328227708e-7, -1.393599706406637e-7, -1.8521370283729068e-7, -2.458448205231612e-7, -3.258043618749456e-7, -4.309417307566028e-7, -5.687216619714823e-7, -7.485882993814256e-7, -9.823632960874595e-7, -1.2846467968818107e-6, -1.6731601904052072e-6, -2.16892190322166e-6, -2.7960751590492368e-6, -3.581082252258666e-6, -4.550859296139048e-6, -5.729254821833772e-6, -7.131105883145523e-6, -8.75301810435603e-6, -1.0560191128578412e-5, -1.2469409296967607e-5, -1.433040111594808e-5, -1.591213952593191e-5, -1.6908086292622727e-5, -1.6983118973558364e-5, -1.5885709980417544e-5, -1.3621861706834913e-5, -1.0615659373821012e-5, -7.698020715687405e-6, -5.78661839743767e-6, -5.346382368700761e-6, -6.018908450680996e-6, -6.82012280706773e-6, -6.865608009524668e-6, -6.062568971801352e-6, -5.173498414262796e-6, -5.201464760378003e-6, -6.637802032681138e-6, -9.169471393545786e-6, -1.196804869786584e-5, -1.420917554398847e-5, -1.5421721568952863e-5, -1.55384718475691e-5, -1.4760385855294277e-5, -1.33901647402946e-5, -1.1717752808873029e-5, -9.968217358902751e-6, -8.291869491472534e-6, -6.774806042238028e-6, -5.455708123501589e-6, -4.341902136343809e-6, -3.4221106718245104e-6, -2.675526539921443e-6, -2.077745050391432e-6, -1.6043321622838776e-6, -1.2327571053051707e-6, -9.432682159498987e-7, -7.19130027794573e-7, -5.465039383823171e-7, -4.1415282089779537e-7, -3.1307878575765915e-7, -2.3615620814472228e-7, -1.7779232779991592e-7, -1.336296488582509e-7, -1.0029393275835847e-7, -7.518595406024121e-8, -5.6312491375354064e-8, -4.21510365822344e-8, -3.154266163985768e-8, -2.3607917576338686e-8, -1.7681280338601124e-8, -1.3260347583920257e-8, -9.96664820820752e-9, -7.515513934979802e-9, -5.692967971389053e-9, -4.338012856504932e-9, -3.3290602046794986e-9, -2.573557414677481e-9, -2.0001476731324463e-9, -1.5529574487338144e-9, -1.1878153938416216e-9, -8.702912797654317e-10, -5.752748109263818e-10, -2.8729324636406904e-10]",Solve_Succeeded
72,HS50,5,3,0,first_order,2.807513515260599e-9,0.005,8,1.2957128672418757e-6,0.001,12,16,12,0,0,20,0,0,12,0,0,0,0,0,0,0,0,0,0,,"[7.542043801783888e-5, -7.084656329179088e-5, -4.573874726048334e-6]",Solve_Succeeded
73,METHANB8,31,31,0,first_order,0.0,0.004,3,4.118332327360423e-5,0.001,7,11,7,0,0,15,0,0,7,0,0,0,0,0,0,0,0,0,0,,"[4.227162863331476e-7, -1.2644912575126817e-5, 4.3605132056489767e-7, 5.658735137198991e-7, 2.702459609995152e-7, -1.146386248483493e-7, -4.88188829168379e-7, -3.3674874458146115e-6, -1.1654184929470282e-7, 1.6559541178650695e-5, -3.467508614798579e-7, -5.174687483137972e-7, -1.3587858255755328e-6, -2.5108245376224135e-6, -3.4741322406691335e-6, -6.901080606830232e-6, 2.095705788731717e-5, 5.0974498500377225e-6, -1.1468575776883792e-6, 1.1091475055135603e-6, 3.331499513667272e-6, 2.8948104077357404e-6, -1.915931872514744e-5, 1.7937106268716254e-6, 6.642799211140581e-8, 1.922619256083955e-7, 2.2827621818107608e-7, 2.2819010007699347e-7, 2.3300945034563847e-7, 2.5480109218932353e-7, 3.773751993557388e-7]",Solve_Succeeded
74,POWELLSQ,2,2,0,first_order,0.0,0.01,17,9.997656621054762e-8,0.001,55,25,58,0,0,29,0,0,21,0,0,0,0,0,0,0,0,0,0,,"[2.037139968710988e-8, 2.7649296926149064e-7]",Solve_Succeeded
75,ECKERLE4,3,35,0,max_iter,0.0,5.569999999999999,11077,876316.3296549692,0.01,11997,11128,11997,0,0,11149,0,0,11107,0,0,0,0,0,0,0,0,0,0,,"[0.0001575, 0.0001699, 0.000235, 0.00031019999999999827, 0.0004916999999544597, 0.0008709997305947024, 0.0017414427327128738, 0.004533792076907714, 0.006151505717418987, 0.008151382776576038, 0.00992572607794065, 0.010031196109514577, 0.007189607658145394, 0.0018646995270402787, -0.0011767034445289448, 0.0021768987958687186, 0.0019472204689431466, -0.00952240609647897, -0.010329859269095765, 0.010139620388199292, 0.01808633851270851, -0.001953045173991826, -0.0150199086010423, -0.010329484220574219, -0.0007554334783830816, 0.004974391743256907, 0.006505348989313856, 0.005748190167487656, 0.0022589292834578408, 0.0008799729466039048, 0.00045789998850326964, 0.00023449999999890477, 0.00015859999999999998, 0.0001143, 7.1e-5]",Solve_Failed
76,BT10,2,2,0,first_order,-1.000173678391302,0.004,6,4.3150953060733244e-5,0.0001,11,16,11,0,0,21,0,0,11,0,0,0,0,0,0,0,0,0,0,,"[8.474214283096825e-5, 8.474214283096923e-5]",Solve_Succeeded
77,BOXBOD,2,6,0,max_iter,0.0,22.272,57024,2.891177954053273e9,10.0,57077,57066,57088,0,0,57087,0,0,57045,0,0,0,0,0,0,0,0,0,0,,"[18.886739465238644, 6.752799220254982, -23.408663247514397, -8.953440625014498, 3.8271529954543424, 11.087063398949692]",Solve_Failed
78,DANIWOOD,2,6,0,max_iter,0.0,2.552,6418,1.5245206308293291e6,0.01,8108,6471,8108,0,0,6492,0,0,6450,0,0,0,0,0,0,0,0,0,0,,"[-0.03611599609663646, 0.00984595415963511, 0.012589895738641516, 0.007358194854843743, 0.0366923051734799, -0.03683784278867118]",Solve_Failed
79,OSCIPANE,10,10,0,max_iter,0.0,0.085,157,6.567364976399156e11,0.1,652,199,1142,0,0,221,0,0,177,0,0,0,0,0,0,0,0,0,0,,"[-0.6567365129517303, 0.00038013847579542414, -0.0004988250803554906, 7.49527212625552e-5, 2.325600666104265e-5, -1.4357698517982146e-7, -1.9276518217470532e-5, 5.6443492608053605e-6, 1.1673896899942253e-6, 1.2306207911317774e-6]",Solve_Failed
80,HS26,3,1,0,first_order,9.404866901829456e-7,0.006,11,0.00012080209936766137,0.0001,16,21,16,0,0,26,0,0,16,0,0,0,0,0,0,0,0,0,0,,[-7.049414704932182e-11],Solve_Succeeded
81,CERI651D,7,67,0,max_iter,0.0,20.082999999999995,16565,7.465748846092223e13,0.1,26927,16414,28931,0,0,16691,0,0,16546,0,0,0,0,0,0,0,0,0,0,,"[-0.41828263217914086, -0.3800215371563892, -0.3417616095975269, -0.3035085771179583, -0.26526486620722084, -0.2270435104231016, -0.1888598928794254, 1.2799230371708699, -0.11276355169251043, -0.07499647102243119, -0.03758963446872695, -0.0007686315093950693, 0.03513814991735795, 0.0696529741679938, 0.10212265696979644, 0.13167446375200761, 0.1572036322230189, 0.1773629488938506, 0.190599859725228, 0.19521964930467436, 0.18950251679051086, 0.1718576952348673, 0.1410076791121134, 0.09619120224105183, 0.03693922057241564, 0.9441982840593531, -0.12125565634572429, -0.21557095025909082, -0.3158239545698944, -0.4181827761439337, -0.5186377111499716, -0.6133398927552041, -0.6989175060905444, 1.8467042021745934, 0.14740994196577312, 0.1014906699350598, 0.06989120371054254, 1.4965437499719054, 0.7257966423760552, 0.7291618243149196, 0.06433239390362852, 0.7533186322227486, 0.7717359226815234, 0.7930223697817054, 0.17411467544403186, 0.20918169679031304, -0.7347924457026954, -0.6974515406265781, -0.6595421186755599, -0.6212841129525492, 0.3975976401658468, 0.4361821833373478, -0.5055831538553327, -0.46689576276789047, -0.4281893670408382, -0.38947327732422593, -0.3507523894762019, -0.3120291969092515, 1.1932626797233468, 0.7458364033101003, -0.1958552099163349, -0.15713015207126158, -0.11840505652196473, -0.0796799458168232, -0.040954829196362105, -0.0022297103340828328, 0.03649540935328073]",Solve_Failed
82,BT7,5,3,0,first_order,306.48723923048505,0.5040000000000001,1270,0.00016618723946400127,1.0000000000000002e-6,1282,1290,1282,0,0,1300,0,0,1280,0,0,0,0,0,0,0,0,0,0,,"[2.137848423217005e-6, 4.443219326617447e-17, -6.433197661780705e-6]",Solve_Succeeded
83,HS9,2,1,0,first_order,-0.5000000000037517,0.002,3,2.624394615513559e-8,0.001,9,11,9,0,0,15,0,0,7,0,0,0,0,0,0,0,0,0,0,,[1.1445143270616409e-10],Solve_Succeeded
84,HS100LNP,7,2,0,first_order,680.630063570571,0.010000000000000002,19,2.698880173076688e-5,0.0001,24,29,24,0,0,34,0,0,24,0,0,0,0,0,0,0,0,0,0,,"[3.4409665485124032e-6, -2.7453743539246506e-5]",Solve_Succeeded
85,GENHS28,10,8,0,first_order,0.9272070553289554,0.001,2,2.220446049250313e-16,0.01,5,8,5,0,0,11,0,0,5,0,0,0,0,0,0,0,0,0,0,,"[-1.571816175997484e-5, -2.156015777503642e-5, -1.491463297216035e-5, -1.7776352907306406e-5, -1.7776352907309008e-5, -1.491463297216035e-5, -2.1560157775027747e-5, -1.5718161759983515e-5]",Solve_Succeeded
86,MGH10,3,16,0,max_iter,0.0,1.6259999999999988,3146,5.258888437677035e-9,10.0,3271,258,3325,0,0,3210,0,0,3166,0,0,0,0,0,0,0,0,0,0,,"[34780.0, 28610.0, 23650.0, 19630.0, 16370.0, 13720.0, 11540.0, 9744.0, 8261.0, 7030.0, 6005.0, 5147.0, 4427.0, 3820.0, 3307.0, 2872.0]",Solve_Failed
87,BT5,3,2,0,first_order,961.7151659001804,0.004,6,7.629855911517325e-7,0.001,10,14,10,0,0,18,0,0,10,0,0,0,0,0,0,0,0,0,0,,"[-1.3489801076336307e-6, 1.6393195695976748e-6]",Solve_Succeeded
88,GROWTH,3,12,0,max_iter,0.0,4.708,10519,5.491084115162721e7,0.1,13204,10573,13209,0,0,10594,0,0,10552,0,0,0,0,0,0,0,0,0,0,,"[0.5551224860604556, -0.0873987259558998, -0.11581463486652523, -0.36415374052558686, -0.06286817068131316, -0.332833165820296, -0.1034456395707605, 0.00977762183442217, 0.5071018328583045, -0.1695653389887023, 0.32837968369581155, -0.15151003686816003]",Solve_Failed
89,POWELLBS,2,2,0,first_order,0.0,0.006,12,5.2096413661657185e-5,0.0001,24,24,24,0,0,30,0,0,18,0,0,0,0,0,0,0,0,0,0,,"[-6.152210466101502e-9, -0.0003358032004972897]",Solve_Succeeded
90,HS61,3,2,0,first_order,-143.64617627812933,0.006,9,1.7102135689839315e-5,0.01,12,15,12,0,0,18,0,0,12,0,0,0,0,0,0,0,0,0,0,,"[-6.358088787962327e-5, 4.900913169116755e-5]",Solve_Succeeded
91,PRICE3NE,2,2,0,first_order,0.0,0.002,4,0.000307226924266043,0.1,6,8,6,0,0,10,0,0,6,0,0,0,0,0,0,0,0,0,0,,"[6.935139007865725e-6, 1.98608206981741e-6]",Solve_Succeeded
92,HS77,5,2,0,first_order,0.24150486200103144,0.006,10,1.8827885314466608e-5,0.0001,16,20,16,0,0,25,0,0,15,0,0,0,0,0,0,0,0,0,0,,"[1.5388814384991053e-6, -6.773013154545993e-8]",Solve_Succeeded
93,INTEQNE,12,12,0,first_order,0.0,0.003,2,4.248150192056859e-5,0.001,6,10,6,0,0,14,0,0,6,0,0,0,0,0,0,0,0,0,0,,"[0.0, 0.0, 5.9577773566068734e-5, 0.00010037660617913738, 0.00012956716641350854, 0.00013993529695546618, 0.00012903084458836672, 9.948921639000435e-5, 5.9369635995060524e-5, 2.14743942532538e-5, -1.1699749530996728e-7, 1.9603475897250408e-5]",Solve_Succeeded
94,ENGVAL2NE,3,5,0,first_order,0.0,0.009000000000000001,17,0.0005176747937754181,0.0001,29,29,30,0,0,35,0,0,23,0,0,0,0,0,0,0,0,0,0,,"[6.181825527103602e-5, -1.9638779460778193e-5, 0.00010653755324964453, -5.637651621376153e-5, 6.661282564268407e-6]",Solve_Succeeded
95,HYDCAR20,99,99,0,max_iter,0.0,1.4039999999999995,347,1.0680170733068568e12,0.01,503,380,2772,0,0,414,0,0,366,0,0,0,0,0,0,0,0,0,0,,"[0.021579010853485587, -0.0394951788426253, 0.021586243541678297, -0.10971718695656621, 0.008283567054786396, 0.008389066309992466, 0.003174757818654357, -0.0012163184552708662, -0.01146912355880185, -0.019387771307956707, -0.016264993463954547, -0.020927488651654995, 0.0063710016855522186, 0.004071035387893513, 0.0017204184838149517, -0.0009608625663545875, -0.004285001401551589, -0.007207562557726435, -0.008410824304532893, -0.0073652756472033605, -0.08458634711514557, 0.03706479042476496, -0.08457976638393468, 0.11117745935580531, 0.14710437584622935, 0.1466589863006926, 0.14719318759245567, 0.1442110263117627, 0.13313832776707535, 0.11445121915211778, 0.08851865579420781, 0.0202864926516351, 0.033019006212826586, 0.03245988217883493, 0.030251499646453135, 0.02608848168407949, 0.018448923245853184, 0.007494081739420282, -0.004936191026302446, -0.01568698210137212, -0.41666852811835403, 0.06531451720921151, -0.4166499488084013, -0.30935997923814856, 0.042070746493136114, 0.04205203560598575, 0.04318863401614055, 0.04266126495092207, 0.03872728362052987, 0.03455767148476674, 0.030951565312010043, -0.01591197343058132, -0.0096262708395912, -0.009670000216632597, -0.01034779301995457, -0.010507048319861644, -0.011058919343989232, -0.012503116493180318, -0.01536486140985408, -0.020580523483024412, -4.072927653588976e-5, 1.0, 1.0680170733069065, -0.000718734304406781, -0.00025648369672589074, 0.000935387759924982, 0.0001303653187881057, 0.0008804495981193382, -0.0015210447048167772, 0.011810658845165039, 0.01149093356887248, -0.004844429706204477, 0.0036315574228353233, 0.0007126502927259777, 0.00018830122547205174, 0.00032078794882579083, 0.0005695730583406286, 0.0013277939973937306, -0.006322983769327561, 0.0010166516974079642, 0.039836932486631504, 0.03983805405764231, -0.0028502043124005124, -0.0028525887698770337, -0.002852457970364325, -0.0023068439038717837, -0.0018130297504619286, -0.0010110946933612117, -0.0007981004848532791, -0.0018476637671429469, -3.020799007993669e-5, -0.0009580461765815572, -0.0007850623539669719, -0.0004073790534589605, -0.0001645108120049721, 7.426126866723912e-5, 0.0002681947159183354, 0.00034348290948381637, 0.0002724393252726039]",Solve_Failed
96,HS39,4,2,0,first_order,-1.0005915098761757,0.005,9,0.0005114205620053713,0.0001,14,19,14,0,0,24,0,0,14,0,0,0,0,0,0,0,0,0,0,,"[0.0002595008613166137, 0.0002595008613166137]",Solve_Succeeded
97,OSBORNE2,11,65,0,max_iter,0.0,8.750000000000002,13170,4.720549412002129e6,0.01,14402,13221,14411,0,0,13242,0,0,13200,0,0,0,0,0,0,0,0,0,0,,"[0.05365491815653696, -0.02744189559617045, -0.020016421181815826, -0.03976853412953334, 0.010517834785207156, -0.030023339462422808, -0.0253335080510726, 0.04258347335366864, 0.02668209507803368, 0.0039044342825951825, 0.05621766875316111, 0.013658346004992928, -0.03961960539930327, 0.01870238232305461, -0.014851671847906122, -0.02452424487983521, -0.032315114271708946, -0.014995915002899757, 0.0018488422013153965, 0.06675455064117101, -0.014713293503788798, -0.01806462310203754, 0.028003315305763284, -0.01550156014554449, -0.022958749018874444, 0.03279615735825278, 0.008432940567341235, -0.015878667232585627, -0.007441338491809828, -0.009971579753904823, 0.030486846115081977, -0.013324960057262589, -0.012744795164970955, -0.011029882397168714, -0.0011762519635889945, 0.020277091944814692, 0.01644669498232041, 0.005285105904736386, -0.0022850985196892107, -0.040315983879998046, 0.009112770687531795, 0.001713718505560425, 0.002683045647055846, 0.011282041941099274, 0.0033409890070211193, 0.025717186212203494, -0.04827678303706586, 0.001532304477573908, 0.00361651653393593, 0.01943771359011962, 0.0018682940714010731, -0.022037682105869264, 0.0013601191481282676, -0.008427476153019333, 0.054059614849068946, -0.021479092178222522, -0.02178798363450433, -0.005884797551929052, -0.01660516224054906, 0.03944731878017899, 0.014649865018920166, 0.0018961239492417835, -0.02582776179038727, -0.015159724369440531, -0.01060147559702247]",Solve_Failed
98,ARGAUSS,3,15,0,first_order,0.0,0.003,3,6.809307733050222e-5,0.001,7,11,7,0,0,15,0,0,7,0,0,0,0,0,0,0,0,0,0,,"[3.178374278713431e-5, -1.5465859843719434e-5, 1.5768777953883376e-5, 9.330833720722792e-5, 8.969124285258573e-5, 0.00010426438497398608, 3.494484599582263e-5, -8.295305973062754e-5, 3.494484599582279e-5, 0.00010426438497398625, 8.969124285258595e-5, 9.330833720722813e-5, 1.5768777953883376e-5, -1.5465859843719434e-5, 3.178374278713431e-5]",Solve_Succeeded
99,CHNRSNBMNE,50,98,0,first_order,0.0,0.046000000000000006,38,7.204779003694428e-5,0.01,73,44,75,0,0,47,0,0,41,0,0,0,0,0,0,0,0,0,0,,"[-5.513921284734344e-9, -0.0001271649801568652, -9.73490290735542e-9, -6.508678034017611e-5, -5.869354700287366e-9, -5.200914895956972e-5, -2.1509349427733486e-9, -3.746007190537663e-5, -2.3411039443654873e-9, -1.9323352150117786e-5, -3.829807452859697e-9, -9.776249254387064e-6, -6.743782073287535e-9, -4.917006986473798e-6, -1.1035187290525772e-8, -2.4667367025473e-6, -9.206214656908083e-9, -1.2397070001962136e-6, -2.6530596821079757e-9, -6.313006096188128e-7, -2.1119282116560795e-9, -3.189549822894407e-7, -3.1605860014205716e-9, -1.602291963974738e-7, -5.461680968115543e-9, -8.052948504993898e-8, -9.203476268442277e-9, -4.083751170238419e-8, -1.0552131849044703e-8, -2.233261027840396e-8, -3.421702909581877e-9, -1.9711110135572135e-8, -2.017190204454204e-9, -1.5071508053456097e-8, -2.7404968453735396e-9, -8.587219203605197e-9, -4.663836647398169e-9, -4.749988217161138e-9, -8.064262656170837e-9, -2.8686452367398656e-9, -1.1417109540358025e-8, -2.7424674129532174e-9, -5.1316979230401735e-9, -8.056314350355171e-9, -2.1725420694430253e-9, -1.1867452186454327e-8, -2.5695574533625103e-9, -7.493524450571654e-9, -4.269412116513308e-9, 9.4572364159177e-9, 8.539666998045053e-9, 1.7065736856103423e-8, 1.2573499024408313e-8, 3.7267953704421135e-8, 2.7067637322707213e-8, 3.496151435129466e-8, 3.623564221285269e-8, 1.560244994902863e-8, 2.06511981597723e-8, 9.222228957282764e-9, 1.0366188367100369e-8, 8.804884655666772e-9, 8.166561064547211e-9, 1.387807628786973e-8, 1.0497375141952189e-8, 3.1249210872361997e-8, 2.069064650290699e-8, 3.680956072056856e-8, 3.5930399557678654e-8, 1.854997442686747e-8, 2.6903705885417836e-8, 9.805640631186525e-9, 1.2357962299986729e-8, 8.11117357663436e-9, 8.466077972716205e-9, 1.1181673940210706e-8, 9.543719934718601e-9, 2.487432469265611e-8, 1.713657520906173e-8, 4.4550356657072554e-8, 3.677384448553178e-8, 3.5093995521112687e-8, 3.4376802856630215e-8, 1.3784463163654228e-8, 1.4887905782702615e-8, -1.4275782623240534e-8, 8.607879031368705e-9, -6.402248259952036e-8, 8.183009460340246e-9, 1.2553334840678622e-6, 1.2729930514856953e-8, 4.245272329954884e-5, 2.8063235953523978e-8, 0.00011228062738278741, 2.9716577487496474e-8, 1.937167598586928e-5, 6.389051718841543e-9, -1.1761335184160676e-31]",Solve_Succeeded
100,MWRIGHT,5,3,0,first_order,41.44762543167614,0.008,12,5.123343861512808e-5,0.0001,22,24,23,0,0,30,0,0,18,0,0,0,0,0,0,0,0,0,0,,"[-1.6819898682967726e-6, 8.571898844879312e-5, -4.135773263139033e-6]",Solve_Succeeded
101,BEALENE,2,3,0,first_order,0.0,0.001,10,0.0004645658429532906,0.001,30,18,33,0,0,22,0,0,14,0,0,0,0,0,0,0,0,0,0,,"[0.00041012011796232126, 8.506040434878175e-5, -0.00027074034804260103]",Solve_Succeeded
102,BT4,3,2,0,first_order,-45.50914523606971,0.006,10,2.2759663504956507e-6,0.001,14,18,14,0,0,22,0,0,14,0,0,0,0,0,0,0,0,0,0,,"[-9.042837897378316e-5, -1.223374327310252e-5]",Solve_Succeeded
103,TRIGON2NE,10,31,0,max_iter,0.0,9.933000000000002,21855,7.317146873132382e7,0.1,26135,21908,26135,0,0,21929,0,0,21887,0,0,0,0,0,0,0,0,0,0,,"[1.0, 2.108798571385835e-5, 0.0, 0.7643917449654174, 0.0, 0.0, 0.668143350821111, 2.3314226111959574e-5, 0.0, 0.5580214022423582, 0.0, 0.0, 0.5580214022423582, -3.7233097108305305e-5, 0.0, 0.7643917449653953, 0.0, 0.0, -2.8078400061689107e-5, -7.317376230381302e-5, 0.0, -2.8981812153915066e-7, -7.50837828887108e-8, -4.2718278299768906e-8, -0.022197277072988197, -2.9341689166113913e-8, -0.021576946331377193, -0.021576946331377394, -2.40004524343006e-8, 0.034532357769486766, -0.022197277072220016]",Solve_Failed
104,BT2,3,1,0,first_order,0.03256820788623913,0.008,11,1.8982488985130885e-6,0.0001,16,21,16,0,0,26,0,0,16,0,0,0,0,0,0,0,0,0,0,,[3.0594801605921736e-7],Solve_Succeeded
105,YFITNE,3,17,0,first_order,0.0,0.006,9,0.0009380578730291411,0.01,14,15,14,0,0,18,0,0,12,0,0,0,0,0,0,0,0,0,0,,"[-7.584365273268379e-6, -1.1110096932912157e-5, -1.1017680781143582e-5, -8.76790724202393e-6, -5.507415385617477e-6, -1.470057586225391e-6, 3.108738556427751e-6, 7.809386743496717e-6, 1.221356572077368e-5, 1.6089664211360773e-5, 1.9210261600361572e-5, 2.0437874797574543e-5, 1.8323749734181632e-5, 1.3577594549103386e-5, 1.5842096467087426e-6, -1.8533517506038287e-5, -4.997613681392149e-5]",Solve_Succeeded
106,DENSCHNCNE,2,2,0,first_order,0.0,0.005,6,4.5579866514949105e-6,0.0001,12,16,12,0,0,21,0,0,11,0,0,0,0,0,0,0,0,0,0,,"[-1.7093972508708743e-5, 9.993244664378869e-6]",Solve_Succeeded
107,HATFLDENE,3,21,0,first_order,0.0,0.004,7,0.0004081881850785188,0.0001,12,17,12,0,0,22,0,0,12,0,0,0,0,0,0,0,0,0,0,,"[-0.00012902654422956242, 0.0005858829808384739, -1.0801094680788092e-5, -0.000164588360626018, -0.00010834829098914828, -6.295344488937461e-5, -0.00023789020847800096, 0.00016816129399281295, -3.322342700137011e-5, -2.073603918153436e-5, -6.383178337450397e-5, -0.00012320077687337977, -0.00015121548541801596, -9.235556097435932e-5, -8.361118263656993e-5, -5.486598110443878e-5, -2.9260573146652616e-5, 7.646231887522474e-5, 0.0001516302361472987, 0.00019132996128059425, 0.0002961122690381007]",Solve_Succeeded
108,WAYSEA2NE,2,2,0,first_order,0.0,0.003,4,0.0008722293764373982,0.001,13,12,13,0,0,16,0,0,8,0,0,0,0,0,0,0,0,0,0,,"[9.497176344835348e-5, -0.0002086547673894538]",Solve_Succeeded
109,HS46,5,2,0,first_order,1.1436090927552062e-6,0.006,9,0.00020839264381783792,0.0001,14,19,14,0,0,24,0,0,14,0,0,0,0,0,0,0,0,0,0,,"[-2.5142926728037866e-5, 4.62100906091166e-5]",Solve_Succeeded
110,POWELLSE,4,4,0,first_order,0.0,0.003,5,0.0003851900414348202,0.01,8,11,8,0,0,14,0,0,8,0,0,0,0,0,0,0,0,0,0,,"[6.597424623527085e-22, -8.069810901340426e-23, -9.180797531306844e-5, -1.4253806032179693e-6]",Solve_Succeeded
111,HS49,5,2,0,first_order,4.573246038631237e-6,0.006,11,0.0003955746171901402,0.0001,16,21,16,0,0,26,0,0,16,0,0,0,0,0,0,0,0,0,0,,"[7.523163845262638e-37, 2.7561665763534417e-35]",Solve_Succeeded
112,ROSZMAN1,4,25,0,max_iter,0.0,19.582,41146,1.1167927179675985e7,0.01,41269,41188,41269,0,0,41209,0,0,41167,0,0,0,0,0,0,0,0,0,0,,"[0.04183203467250917, 0.04149701000359163, 0.04111081152386007, -0.0358306210214873, -0.03774859468775279, -0.03878734903003003, 0.005560396910939896, 0.002918463489603986, -0.0025539794599538923, -0.03970630506476293, -0.04233518983969709, -0.02532852001579533, -0.029422937705485836, -0.036622999443555584, -0.016628126791287227, -0.026702500883626922, -0.0272690007941217, 0.008129315429060497, 0.001131956553066314, -0.00047139955141428696, 0.017057079411408216, 0.015112491483229303, 0.0394164982007133, 0.06981727262983589, 0.07582419398842773]",Solve_Failed
113,MEYER3NE,3,16,0,max_iter,0.0,0.06500000000000002,92,5.820575655548876,10.0,240,134,250,0,0,155,0,0,113,0,0,0,0,0,0,0,0,0,0,,"[34780.0, 28610.0, 23650.0, 19630.0, 16370.0, 13720.0, 11540.0, 9744.0, 8261.0, 7030.0, 6005.0, 5147.0, 4427.0, 3820.0, 3307.0, 2872.0]",Solve_Failed
114,MISRA1D,2,14,0,max_iter,0.0,3.9099999999999993,6332,4.242927284894904e6,0.01,50287,6385,50287,0,0,6406,0,0,6364,0,0,0,0,0,0,0,0,0,0,,"[0.046005220420507066, 0.04949687796064576, 0.04891815686971791, 0.0807297191573926, 0.03837637385887497, 0.04223492930112456, 0.04360706440682773, -0.07171185309781945, -0.04551705621602003, -0.09541782410836308, -0.05010129869946972, -0.09056669293518727, 0.07246811611393435, 0.07417170476446412]",Solve_Failed
115,LANCZOS2,6,24,0,first_order,0.0,0.052000000000000005,59,0.0001653371940468773,0.0001,175,71,202,0,0,77,0,0,65,0,0,0,0,0,0,0,0,0,0,,"[-0.00022012712353279118, 8.714423318291611e-5, 0.00020670707147028635, 0.00020502334434978887, 0.00011848110779517495, 9.45138446317006e-6, -9.954700404090787e-5, -0.00018354462164977544, -0.0002312852727677413, -0.00023923167779340301, -0.00020709708951746655, -0.00014375007178140374, -5.6604357977739705e-5, 4.283399641809531e-5, 0.00014158195939571985, 0.000228702224639442, 0.0002942427688580979, 0.0003251336804231306, 0.0003138214052430443, 0.00025182404120574654, 0.00013102322632531732, -5.3259191900990805e-5, -0.0003061398674139458, -0.000631474580228932]",Solve_Succeeded
116,HS78,5,3,0,first_order,-2.919691709674749,0.003,3,8.602879504548966e-6,0.001,7,11,7,0,0,15,0,0,7,0,0,0,0,0,0,0,0,0,0,,"[1.3457643574051287e-5, -9.114575626831365e-6, -1.1761386328120615e-6]",Solve_Succeeded
117,BOOTH,2,2,0,first_order,0.0,0.002,2,0.0,0.01,5,8,5,0,0,11,0,0,5,0,0,0,0,0,0,0,0,0,0,,"[0.0, 0.0]",Solve_Succeeded
118,OSBORNE1,5,33,0,max_iter,0.0,0.6880000000000003,991,45828.45893347925,0.001,4580,1043,4580,0,0,1064,0,0,1022,0,0,0,0,0,0,0,0,0,0,,"[-0.0025698640999684942, 0.0044760079272468545, 0.0009922694826662282, -0.0010634120550441664, -0.002872405084479227, -0.00015642707604928045, -0.0004953503524381144, -0.000578539825784876, 0.0005966758571727177, 0.0005685472088735884, 0.0012878056439974727, 0.0010210248926350368, -0.0007250542108484495, 0.0017373885421697037, -0.0007687289402936474, -0.0003210342885465983, 7.479629142133091e-5, -0.0005360691043792469, -0.0010737118469970352, 0.0005643623052342035, 0.0004941018687699281, -0.0011618410960156683, -0.0002790292467911233, 0.00026525107983467754, 0.000589558207068772, 0.0008066809608284918, -0.0009773606656887375, -0.0006638576005430284, -0.0011616185435826684, 0.0006130644011443772, -0.00026338073035967445, 0.0012785121331835992, 0.00030163796556304087]",Solve_Failed
119,BA-L1,57,12,0,first_order,0.0,0.005,5,9.999990110637776e-7,0.1,10,9,10,0,0,11,0,0,7,0,0,0,0,0,0,0,0,0,0,,"[-1.0029337280809125e-8, -1.0053607241850004e-8, -1.0051659603618757e-8, -1.0072122113777282e-8, -1.0039019723157017e-8, -1.0064763997924553e-8, -1.0376637743503281e-8, -1.0153628927228597e-8, -1.0070147200488822e-8, -9.944682029250362e-9, -1.0063983237051932e-8, -9.960955237725555e-9]",Solve_Succeeded
120,ERRINROSNE,50,98,0,max_iter,0.0,13.613,17618,7.384260195784691e7,1.0,22097,17672,22097,0,0,17693,0,0,17651,0,0,0,0,0,0,0,0,0,0,,"[0.897214731024173, 0.07606345262360686, 0.7408778693949649, 1.095909518075332, 0.9020530394368087, 0.9299766621819967, 0.8929854003128964, 0.9305128414541276, 0.916809370609042, 0.8910800345785735, 0.9378242619854006, 0.9454556758461322, 0.8939095542756955, 0.8905281318373723, 0.9137762536042434, 0.8549442024523235, 0.9109762925204195, 0.8665683182165712, 0.9466043211917368, 0.9089750551869448, 0.9172614528110236, 0.9199476169154361, 0.9307007963751375, 0.8933073581759565, 0.9052262517212096, 0.889635907138666, 0.8965409395268338, 0.8835687265983022, 0.9401670616937654, 0.8827946047622534, 0.9207599734016678, 0.8997778560132178, 0.9616107427798424, 0.6669128609374433, 0.891716286295298, 0.6186643865484934, 0.8907574816276843, 0.8556371283156791, 0.8983913855983272, 0.9242948428315053, 0.9574478957317796, 0.8026791412072427, 0.8948046823631879, 0.8782850761561442, 0.9151219225124184, 0.90274996292696, 0.8640938713950149, 0.9201449259977103, 0.9397608230589906, 0.1523854660636462, 0.23528843573730615, 0.16394503621356182, 0.15918150943099976, 0.17487446228393594, 0.1917732938301632, 0.1730422083651331, 0.11389715325926167, 0.2747145346639069, 0.21555565874747515, 0.15274620772331074, 0.19673958110647055, 0.13968035457208666, 0.18389154796973142, 0.24858026128319088, 0.10393413636311963, 0.34356602484873383, 0.18765408813080062, 0.1977894393990901, 0.14987872580855888, 0.20007161826045325, 0.20776149154352158, 0.20197170959234428, 0.17821844658460378, 0.19781318300358544, 0.15418161137961134, 0.2045306124002769, 0.17714481524906645, 0.1714624653636724, 0.13805052184322844, 0.1648477790324817, 0.1951392358650719, 0.19962990775313322, 0.17861953245113069, 0.2271870822724527, 0.19515582045378338, 0.22156910758025453, 0.14132218772594207, 0.132061781668152, 0.18696877145009505, 0.20384923775913227, 0.20311248426381748, 0.1665714571181778, 0.19384091845356818, 0.24967599751183564, 0.2888040839959353, -0.076190285186498, 0.12121108405855631, -6.341628144487168e-5]",Solve_Failed
121,ZANGWIL3,3,3,0,first_order,0.0,0.001,3,1.9721522630525295e-31,0.001,7,11,7,0,0,15,0,0,7,0,0,0,0,0,0,0,0,0,0,,"[0.0, 0.0, 0.0]",Solve_Succeeded
122,MGH10S,3,16,0,max_iter,0.0,0.45099999999999996,942,2.2342188795217756e16,10.0,990,984,1088,0,0,1005,0,0,963,0,0,0,0,0,0,0,0,0,0,,"[22342.188875845888, 16172.954565750466, 11213.720211458976, 7194.48581297382, 3935.2513702973133, 1286.0168834319027, -893.217647620099, -2688.452222856245, -4170.686842274264, -5400.921505871666, -6425.156213646185, -7282.390965595372, -8001.625761716824, -8607.860602008275, -9120.095486467277, -9554.330415091476]",Solve_Failed
123,DENSCHNFNE,2,2,0,first_order,0.0,0.003,3,2.1847627543570822e-5,0.01,6,9,6,0,0,12,0,0,6,0,0,0,0,0,0,0,0,0,0,,"[3.7374647107058515e-6, -2.655576642674529e-6]",Solve_Succeeded
124,HIMMELBC,2,2,0,first_order,0.0,0.003,5,1.6482136042941513e-7,0.001,9,13,9,0,0,17,0,0,9,0,0,0,0,0,0,0,0,0,0,,"[3.557340507883073e-6, -6.277906593418916e-7]",Solve_Succeeded
125,LANCZOS3,6,24,0,first_order,0.0,0.067,70,0.0009613111475352716,0.0001,245,82,288,0,0,89,0,0,76,0,0,0,0,0,0,0,0,0,0,,"[0.0005307317443081136, -0.0004355097194114046, -0.0005231668307330308, -0.00030728956826290676, -1.1616831662651183e-5, 0.0002875334940593881, 0.00039216557832955843, 0.00048264314953048066, 0.000414060895156441, 0.00023048800059468827, 0.0001141413812163148, -0.00011700158828781053, -0.0002524502277672961, -0.000364831442880608, -0.00041118975985975385, -0.00045463694776716804, -0.0005021365148847847, -0.00035508343075675775, -0.0002700325434363769, -0.00012747820038127954, 9.297747784640444e-5, 0.00033238564173238846, 0.0006681860305870849, 0.0009267451876511629]",Solve_Succeeded
126,HYPCIR,2,2,0,first_order,0.0,0.003,4,8.036802570688405e-5,0.001,8,12,8,0,0,16,0,0,8,0,0,0,0,0,0,0,0,0,0,,"[0.00018575997085771472, 9.29198592596514e-5]",Solve_Succeeded
127,HEART6,6,6,0,first_order,0.0,0.019000000000000003,39,7.881377456958635e-7,0.0001,66,49,69,0,0,54,0,0,44,0,0,0,0,0,0,0,0,0,0,,"[-4.272564017113524e-5, 1.0117274354435043e-5, 8.849519086146662e-6, 5.222085778837401e-7, -2.296691157681775e-7, 2.2957285495914997e-7]",Solve_Succeeded
128,BIGGS6NE,6,13,0,first_order,0.0,0.051,79,3.264842554178554e-6,0.001,92,89,96,0,0,94,0,0,84,0,0,0,0,0,0,0,0,0,0,,"[1.2619939362580948e-5, -3.340203439797067e-5, 7.182723628961114e-6, 9.37797007668573e-6, 5.027586122572682e-6, 5.726813302794204e-6, 7.55471136109926e-6, 6.059475515733225e-6, 8.165944109737031e-7, -5.6136591903375305e-6, -9.820848768103338e-6, -9.025817854301822e-6, -1.679292489110279e-6]",Solve_Succeeded
129,LANCZOS1,6,24,0,first_order,0.0,0.033999999999999996,41,1.7146052074378665e-5,0.0001,121,53,138,0,0,59,0,0,47,0,0,0,0,0,0,0,0,0,0,,"[-0.00023303813533012162, 0.00010180379272951537, 0.00022164494915288287, 0.00020456938287867152, 0.00011389194154506615, -2.6444877879181025e-6, -0.00011175719367243461, -0.00019270705243780453, -0.00023499611278055818, -0.00023607911405433243, -0.0001992579706503257, -0.00013185836855813716, -4.37265466314474e-5, 5.398031176533996e-5, 0.0001497068385594775, 0.0002321772071532046, 0.00029086201546110285, 0.000316278142809676, 0.0003001522413471613, 0.00023549311357516777, 0.0001165727390959408, -6.112756977908817e-5, -0.0003010209562876568, -0.000605532386112329]",Solve_Succeeded
130,S316-322,2,1,0,first_order,334.3016330311258,0.026000000000000002,61,0.00010387094618207202,1.0e-5,68,75,68,0,0,82,0,0,68,0,0,0,0,0,0,0,0,0,0,,[-7.078419334686036e-5],Solve_Succeeded
131,HIMMELBD,2,2,0,max_iter,0.0,16.592,44443,2.5354079276337415e8,1.0,46258,44490,46259,0,0,44511,0,0,44469,0,0,0,0,0,0,0,0,0,0,,"[-2.4336012022826745, 0.01216609127519675]",Solve_Failed
132,FLT,2,2,0,first_order,0.0,0.004,8,0.0003342155616432624,0.001,12,16,12,0,0,20,0,0,12,0,0,0,0,0,0,0,0,0,0,,"[1.5246903013843831e-5, 1.1741774736904467e-7]",Solve_Succeeded
133,FREURONE,2,2,0,max_iter,0.0,0.017,31,0.011641532182693481,1.0,62,73,62,0,0,94,0,0,52,0,0,0,0,0,0,0,0,0,0,,"[-4.94895209510256, 4.94895209510256]",Solve_Failed
134,DANWOOD,2,6,0,max_iter,0.0,2.5989999999999993,6482,1.5063094499168983e6,0.01,7766,6535,7766,0,0,6556,0,0,6514,0,0,0,0,0,0,0,0,0,0,,"[-0.036115993786734996, 0.009845957323408148, 0.0125898990098908, 0.007358198562811494, 0.03669230915782228, -0.036837838380488874]",Solve_Failed
135,HYDCAR6,29,29,0,first_order,0.0,0.004,7,3.196182005524089e-7,0.001,11,15,11,0,0,19,0,0,11,0,0,0,0,0,0,0,0,0,0,,"[-8.594526537160584e-6, 2.5965605691432434e-5, -8.63909533222411e-6, -8.831433999833818e-6, -9.064739758674183e-6, -9.855942904768542e-6, -7.825974695481453e-6, 2.954489245947264e-5, -8.67972553845931e-6, -9.278415545866568e-6, -9.805400522122152e-6, -1.059458414321636e-5, 7.5216892853564386e-6, -6.710475136484761e-6, 7.395930594569743e-6, 7.156190696975127e-6, 6.4132416646617794e-6, 4.547200361498867e-6, 1.2934341068813238e-6, -2.713111421040338e-7, 2.7779011742915004e-7, -8.778374179386135e-7, 1.1594447076545624e-5, -6.547198539860889e-7, -3.402936081672293e-7, -2.871086184370658e-7, -2.6633701420667975e-7, -2.3398987000473425e-7, -1.97091292473039e-7]",Solve_Succeeded
136,VIBRBEAMNE,8,30,0,max_iter,0.0,2.3040000000000003,4113,8.325036885440796e6,0.1,6313,4168,6313,0,0,4189,0,0,4147,0,0,0,0,0,0,0,0,0,0,,"[0.002853248745763197, -0.013061059589169753, 0.09589440912518113, 0.028137842026747028, 0.04819343939734268, -0.10316825253255602, 0.022155033205599025, 0.033226484392340494, -0.12442680415702707, 0.028534712762669882, 0.17320302208842733, 0.014877333450014869, -0.0940944227789725, -0.0623840728138455, -0.03510421803305539, -0.0703496761650253, 0.06533538736251573, -0.029763234246796475, -0.02843497716197831, -0.011817273664395566, 0.07501929789839203, 0.07735680235862548, -0.11546692833992347, -0.0854132520584014, 0.10638980113635409, 0.014934712239672236, -0.06351668248881502, 0.016276488075067166, -0.10653117984801584, 0.027242260707913954]",Solve_Failed
137,HEART8,8,8,0,first_order,0.0,0.008,14,0.00010792215773235405,0.01,22,20,23,0,0,23,0,0,17,0,0,0,0,0,0,0,0,0,0,,"[0.00021172515146758095, -5.770758136595423e-5, -0.00011530446623605334, 3.80384070443919e-5, 1.5278416044890025e-5, 6.173882204793535e-6, -9.666965779600578e-7, -5.394043082276173e-6]",Solve_Succeeded
138,VANDANIUMS,22,10,0,max_iter,0.0,1.2139999999999993,2627,5.65085167437408e10,1.0,4420,2686,4420,0,0,2707,0,0,2665,0,0,0,0,0,0,0,0,0,0,,"[-0.14788237372887475, 0.9905843998208088, 0.3327735096607136, -0.39373336718102736, 1.3292015868849834, 0.5084361576740115, 0.819611466368769, -0.14986432506026665, -1.062099586120399, 1.4011512329951303]",Solve_Failed
139,HELIXNE,3,3,0,first_order,0.0,0.004,8,5.4568873153638425e-5,0.01,13,14,13,0,0,17,0,0,11,0,0,0,0,0,0,0,0,0,0,,"[-4.2313740641846884e-5, -8.146129336085307e-6, 4.231374064184732e-6]",Solve_Succeeded
140,RSNBRNE,2,2,0,first_order,0.0,0.002,3,2.210316904982754e-27,0.01,6,9,6,0,0,12,0,0,6,0,0,0,0,0,0,0,0,0,0,,"[0.0, 0.0]",Solve_Succeeded
141,CLUSTER,2,2,0,first_order,0.0,0.005,8,0.0001405936707895303,0.0001,13,18,13,0,0,23,0,0,13,0,0,0,0,0,0,0,0,0,0,,"[0.00010435570247566633, -0.00016444261004476776]",Solve_Succeeded
142,RAT42,3,9,0,max_iter,0.0,5.447,13606,1.6966996258233848e8,1.0,15575,13661,15575,0,0,13682,0,0,13640,0,0,0,0,0,0,0,0,0,0,,"[0.3818763580337411, -0.6312220238674244, 1.8621359276565006, -1.2024112594964917, -0.689708557567134, 0.14660354186806016, 1.1833583189329269, 0.08370247757574534, -0.8332921255495133]",Solve_Failed
143,METHANL8,31,31,0,first_order,0.0,0.004,4,0.0001433751125815048,0.001,8,12,8,0,0,16,0,0,8,0,0,0,0,0,0,0,0,0,0,,"[-2.433976858324247e-6, 0.00013622507014384735, -5.152235431354121e-6, -8.208184235407393e-6, -1.202053109430548e-5, -1.4025660525558378e-5, -1.4086870343572996e-5, -1.494747197016116e-5, 2.807474786200083e-6, -5.336557981829894e-5, 3.474577096415399e-6, 4.5682112741314745e-6, 7.736140992287005e-6, 1.060190400804502e-5, 1.4022093571328632e-5, 1.3422056991011487e-5, -4.769604704710087e-6, 1.2831438872566807e-6, 3.363670840624683e-6, 7.057191329785684e-6, 9.591536363880648e-6, -1.8659387448021337e-5, 0.00010464189974597276, -1.0774431236721078e-6, -4.6717744700119557e-7, -4.773736184071989e-7, -3.932194635428853e-7, -2.5523920805416737e-7, -1.5135708990266102e-7, -1.4725770080967957e-7, -3.43426194856166e-7]",Solve_Succeeded
144,HS51,5,3,0,first_order,5.579863069560224e-8,0.002,2,5.230191280070073e-16,0.01,5,8,5,0,0,11,0,0,5,0,0,0,0,0,0,0,0,0,0,,"[3.70268219330068e-5, 4.54348164487077e-6, -0.00014356380608714775]",Solve_Succeeded
145,QINGNE,100,100,0,first_order,0.0,0.004,4,0.0003865120177191947,0.1,9,8,9,0,0,10,0,0,6,0,0,0,0,0,0,0,0,0,0,,"[5.4191786474921955e-11, 9.32796880068372e-6, 2.2845222456848585e-5, 2.6656993239596374e-5, 2.1722646816454624e-5, 1.1761725031506076e-5, -1.9558582907940048e-7, -1.2194843902763736e-5, -2.3121588236892435e-5, -3.2423128800805265e-5, -3.9897419953159596e-5, -4.555046263377514e-5, -4.95045058165975e-5, -5.1940525519812014e-5, -5.306298297990883e-5, -5.3078810885604996e-5, -5.218539098348317e-5, -5.0564160714658066e-5, -4.8377701658521705e-5, -4.5768942259357195e-5, -4.2861606191664514e-5, -3.976135703416192e-5, -3.6557294582470826e-5, -3.332358944148871e-5, -3.0121126769281845e-5, -2.699908394625597e-5, -2.3996401245290552e-5, -2.1143126186923267e-5, -1.8461625645187565e-5, -1.5967667826667642e-5, -1.3671380869877126e-5, -1.1578097241241037e-5, -9.689094146855468e-6, -8.00224036567182e-6, -6.512559584356467e-6, -5.212719700727064e-6, -4.093456805060944e-6, -3.1439417369407557e-6, -2.352096305630741e-6, -1.704865487339724e-6, -1.18845119054245e-6, -7.885125204096233e-7, -4.903368765896837e-7, -2.7898568489941045e-7, -1.3941808921051624e-7, -5.659551042744293e-8, -1.5569610267718303e-8, -1.5558734179493827e-9, 5.262372135272919e-12, 3.3980469601319063e-9, 2.25903648946868e-8, 7.120071382135662e-8, 1.624721041731947e-7, 3.09251913986619e-7, 5.239768581261767e-7, 8.186623404269483e-7, 1.204895552447613e-6, 1.6938317656083057e-6, 2.2961933356172026e-6, 3.022271001282273e-6, 3.881927114566391e-6, 4.884600486781965e-6, 6.039312577511835e-6, 7.354674789270682e-6, 8.838896662689139e-6, 1.0499794794768813e-5, 1.2344802326891627e-5, 1.4380978870343758e-5, 1.6615020755599702e-5, 1.9053271507630393e-5, 2.170173246342222e-5, 2.4566073460303983e-5, 2.7651643534116685e-5, 3.0963481575716975e-5, 3.450632690224671e-5, 3.8284629706763704e-5, 4.230256135590374e-5, 4.6564024510451635e-5, 5.1072663048627384e-5, 5.583187177548611e-5, 6.084480590568507e-5, 6.611439030963263e-5, 7.164332851569352e-5, 7.743411146338489e-5, 8.348902600438697e-5, 8.98101631497776e-5, 9.639942606342461e-5, 0.00010325853780254919, 0.00011038904880746395, 0.0001177923441434553, 0.00012546965049835095, 0.00013342204293997385, 0.00014165045143809188, 0.00015015566715599095, 0.00015893834851680652, 0.0001679990270504559, 0.000177338113026608, 0.00018695590087982293, 0.00019685257443252668, 0.0002070282119220248]",Solve_Succeeded
146,HS56,7,4,0,first_order,-3.45585769966091,0.012,21,2.362928079168619e-5,0.001,26,29,26,0,0,33,0,0,25,0,0,0,0,0,0,0,0,0,0,,"[-1.1140697153688706e-7, 3.297650297811455e-7, 3.297650297811455e-7, 9.90187023081901e-5]",Solve_Succeeded
147,BT12,5,3,0,first_order,6.188110362777465,0.002,3,2.7120390144741435e-7,0.01,6,9,6,0,0,12,0,0,6,0,0,0,0,0,0,0,0,0,0,,"[1.7067195348358967e-5, -2.138309982500225e-7, 3.824428495228377e-7]",Solve_Succeeded
148,HATFLDDNE,3,10,0,first_order,0.0,0.01,17,6.405137724635468e-5,0.0001,25,29,25,0,0,35,0,0,23,0,0,0,0,0,0,0,0,0,0,,"[0.0004730249429021443, 3.063265609162837e-5, -0.000263857899304273, -0.0005027140435486539, -0.0005637660161148219, -0.00013217622932129575, 3.957005146866466e-5, 0.00017998592267654868, 0.0003242214843029704, 0.0005161436569664801]",Solve_Succeeded
149,HIMMELBA,2,2,0,first_order,0.0,0.003,3,0.0,0.001,7,11,7,0,0,15,0,0,7,0,0,0,0,0,0,0,0,0,0,,"[0.0, 0.0]",Solve_Succeeded
150,HS111LNP,10,3,0,first_order,-47.765094582842735,0.004,12,0.00044033308576527444,0.0001,17,22,17,0,0,27,0,0,17,0,0,0,0,0,0,0,0,0,0,,"[-1.2120600174907403e-6, 1.131729730737424e-5, 1.0866707296461992e-5]",Solve_Succeeded
151,HS52,5,3,0,first_order,5.323150598003713,0.003,3,8.881784197001252e-16,0.01,6,9,6,0,0,12,0,0,6,0,0,0,0,0,0,0,0,0,0,,"[-0.00014366677184073496, -0.00012204445762205502, 0.00034487255086032304]",Solve_Succeeded
152,MISRA1B,2,14,0,max_iter,0.0,2.5449999999999995,4153,6.930956202546667e6,0.1,28899,4209,28901,0,0,4230,0,0,4186,0,0,0,0,0,0,0,0,0,0,,"[0.0586275454878229, 0.06402976854527215, 0.06356962124172005, 0.09346415709776598, 0.04727547389765394, 0.04622809902397486, 0.04293759602799236, -0.07698725394093645, -0.05543832064021993, -0.10762442197846254, -0.06313552532782517, -0.10126670785838231, 0.07415966707608514, 0.09279673098615854]",Solve_Failed
153,SINVALNE,2,2,0,first_order,0.0,0.002,3,1.943753270464573e-27,0.01,6,9,6,0,0,12,0,0,6,0,0,0,0,0,0,0,0,0,0,,"[0.0, 0.0]",Solve_Succeeded
154,EXP2NE,2,10,0,first_order,0.0,0.003,4,0.00010289832145127242,0.001,8,12,8,0,0,16,0,0,8,0,0,0,0,0,0,0,0,0,0,,"[0.0, -1.5084345070974243e-5, 5.960935711006501e-5, 0.00013014368134726625, 0.00018183765766707066, 0.00021744292074318155, 0.00024151203129816863, 0.00025742240658472443, 0.00026736119972278457, 0.0002727493429056146]",Solve_Succeeded
155,HIMMELBFNE,4,7,0,max_iter,0.0,1.6869999999999994,3803,1.059670919124037e10,10.0,6144,3863,6144,0,0,3884,0,0,3842,0,0,0,0,0,0,0,0,0,0,,"[31.402778253141538, -258.07728070095277, 842.4253177232894, -1087.1783870094227, 1018.3798598668791, -399.96736727543083, 171.5190260171152]",Solve_Failed
156,MGH09,4,11,0,max_iter,0.0,9.092,16412,2.174766226181646e6,0.01,37460,16462,37460,0,0,16483,0,0,16441,0,0,0,0,0,0,0,0,0,0,,"[-0.015211551033490507, 0.0016243771051839381, 0.0083555584675928, 0.031914421428609986, -0.004007714293382537, -0.004894064904851226, -0.00898774528685043, -0.011623046310174277, -0.007170397808677455, -0.01117310835115714, -0.006326308200795934]",Solve_Failed
157,ERRINRSMNE,50,98,0,max_iter,0.0,17.166999999999998,21483,7.506010065974352e7,1.0,29706,21537,29706,0,0,21558,0,0,21516,0,0,0,0,0,0,0,0,0,0,,"[0.8649310396262087, 0.1343186472294597, 0.6835957241191964, 1.1302664268635527, 0.7915625535242796, 0.832522443828881, 0.9248804500849083, 0.6885631375368895, 0.9548447739812799, 0.8611103429570748, 0.9494848727232587, 0.940847411778136, 0.8960280035743411, 0.9563170484395352, 0.7343702396894393, 0.9395226391711021, 0.7243556502918591, 0.8507189282345565, 0.9034188146844555, 0.6619452392886411, 0.9509718318259989, 0.8149185816621913, 0.9541423174660529, 0.9276874761475017, 0.9194702393421332, 0.9553830220339123, 0.790600735579083, 0.9481733893678196, 0.6717340933767659, 0.889825516115801, 0.8709422760541151, 0.6956652927808292, 0.9440848283188872, 0.7611929490211986, 0.9561553471003577, 0.9081329723242294, 0.9353030865713793, 0.9520377524532858, 0.8401341328313657, 0.9533561588217262, 0.665398833127243, 0.9159345993669554, 0.8233514736749732, 0.7602715009844452, 0.9330424214110885, 0.7048387067323315, 0.9558948005995394, 0.8795773307004566, 0.945679516108159, 0.12126075068152899, 0.13347676588316257, 0.13883429068957454, 0.180857428830075, 0.2527961975021846, 0.28228957917066266, 0.3089612856906864, 0.29287910637998193, 0.20477421247328834, 0.15655856226696566, 0.14210094752353228, 0.1219718457519999, 0.12242892609153799, 0.12752489065300682, 0.12876506628417983, 0.16211341002588486, 0.20757421422976277, 0.2502314948511244, 0.3197178420736962, 0.31626720283453347, 0.23350938199342086, 0.18635372507043518, 0.15409259765904815, 0.12543022377046947, 0.12526194238801694, 0.12371619458817161, 0.12339718204236814, 0.14800213000412527, 0.17067052184041176, 0.2195105860689086, 0.30786092102904133, 0.31729250133593206, 0.26537890452587765, 0.22845857496490152, 0.17027835633255747, 0.13277610056007175, 0.1300463673611098, 0.12167652904781326, 0.1215831439725694, 0.13767875031024074, 0.14839122538864763, 0.19284076626497418, 0.2868573602180807, 0.29709333234764573, 0.37814654738181447, 0.269513528979601, -0.13443171319918074, 0.13070053796335324, -5.653298486123212e-5]",Solve_Failed
158,POWERSUMNE,4,4,0,max_iter,0.0,3.2019999999999986,6179,855738.6083140273,0.01,13173,6232,13173,0,0,6253,0,0,6211,0,0,0,0,0,0,0,0,0,0,,"[-0.01626587777132466, 0.012232863061639102, -0.0038322850179884622, 0.0004303322318680803]",Solve_Failed
159,HS47,5,3,0,first_order,1.3493600705528226e-6,0.006,11,0.00032471327104672664,0.0001,17,21,17,0,0,26,0,0,16,0,0,0,0,0,0,0,0,0,0,,"[-2.713769219307042e-6, -1.3686113413729301e-5, 7.807551724143675e-6]",Solve_Succeeded
160,MGH17,5,33,0,max_iter,0.0,1.397,2668,50061.71160092276,0.001,4302,2720,4309,0,0,2741,0,0,2699,0,0,0,0,0,0,0,0,0,0,,"[-0.002569780529715308, 0.004475974174850659, 0.0009922002368126862, -0.00106347375101624, -0.0028724405440771253, -0.0001564321259124449, -0.0004953287619754738, -0.0005784990472832227, 0.0005967273399350843, 0.0005686014313016656, 0.0012878559746306094, 0.001021066368446603, -0.0007250248472412312, 0.0017374041052028344, -0.000768727523971674, -0.00032104628499161463, 7.477243313753763e-5, -0.0005361027003188539, -0.0010737526967871615, 0.0005643168658649101, 0.0004940545402159237, -0.0011618876888728831, -0.0002790726369544631, 0.00026521314433130416, 0.0005895277270794231, 0.0008066596671015729, -0.0009773713180472904, -0.0006638564273466609, -0.0011616046193183413, 0.0006130917607972418, -0.00026333947134148117, 0.0012785675579247034, 0.00030170764820305006]",Solve_Failed
161,BT3,5,3,0,first_order,4.091920283027574,0.003,3,1.3322676295501878e-15,0.01,6,9,6,0,0,12,0,0,6,0,0,0,0,0,0,0,0,0,0,,"[-5.006606159529308e-5, -5.15149882278354e-5, 0.0001487492581533213]",Solve_Succeeded
